"observation_path","chamber_path","constituency_path","observation_number","chamber_number","constituency_number","chamber_name","constituency_name","province_name"
"/chamber-1/constituency-1","/chamber-1","/chamber-1/constituency-1",1,1,1,"House of Commons","Abbotsford","British Columbia"
"/chamber-1/constituency-2","/chamber-1","/chamber-1/constituency-2",2,1,2,"House of Commons","Abitibi—Baie-James—Nunavik—Eeyou","Quebec"
"/chamber-1/constituency-3","/chamber-1","/chamber-1/constituency-3",3,1,3,"House of Commons","Abitibi—Témiscamingue","Quebec"
"/chamber-1/constituency-4","/chamber-1","/chamber-1/constituency-4",4,1,4,"House of Commons","Acadie—Bathurst","New Brunswick"
"/chamber-1/constituency-5","/chamber-1","/chamber-1/constituency-5",5,1,5,"House of Commons","Ahuntsic","Quebec"
"/chamber-1/constituency-6","/chamber-1","/chamber-1/constituency-6",6,1,6,"House of Commons","Ajax—Pickering","Ontario"
"/chamber-1/constituency-7","/chamber-1","/chamber-1/constituency-7",7,1,7,"House of Commons","Alfred-Pellan","Quebec"
"/chamber-1/constituency-8","/chamber-1","/chamber-1/constituency-8",8,1,8,"House of Commons","Algoma—Manitoulin—Kapuskasing","Ontario"
"/chamber-1/constituency-9","/chamber-1","/chamber-1/constituency-9",9,1,9,"House of Commons","Ancaster—Dundas—Flamborough—Westdale","Ontario"
"/chamber-1/constituency-10","/chamber-1","/chamber-1/constituency-10",10,1,10,"House of Commons","Argenteuil—Papineau—Mirabel","Quebec"
"/chamber-1/constituency-11","/chamber-1","/chamber-1/constituency-11",11,1,11,"House of Commons","Avalon","Newfoundland and Labrador"
"/chamber-1/constituency-12","/chamber-1","/chamber-1/constituency-12",12,1,12,"House of Commons","Barrie","Ontario"
"/chamber-1/constituency-13","/chamber-1","/chamber-1/constituency-13",13,1,13,"House of Commons","Bas-Richelieu—Nicolet—Bécancour","Quebec"
"/chamber-1/constituency-14","/chamber-1","/chamber-1/constituency-14",14,1,14,"House of Commons","Battlefords—Lloydminster","Saskatchewan"
"/chamber-1/constituency-15","/chamber-1","/chamber-1/constituency-15",15,1,15,"House of Commons","Beaches—East York","Ontario"
"/chamber-1/constituency-16","/chamber-1","/chamber-1/constituency-16",16,1,16,"House of Commons","Beauce","Quebec"
"/chamber-1/constituency-17","/chamber-1","/chamber-1/constituency-17",17,1,17,"House of Commons","Beauharnois—Salaberry","Quebec"
"/chamber-1/constituency-18","/chamber-1","/chamber-1/constituency-18",18,1,18,"House of Commons","Beauport—Limoilou","Quebec"
"/chamber-1/constituency-19","/chamber-1","/chamber-1/constituency-19",19,1,19,"House of Commons","Beauséjour","New Brunswick"
"/chamber-1/constituency-20","/chamber-1","/chamber-1/constituency-20",20,1,20,"House of Commons","Berthier—Maskinongé","Quebec"
"/chamber-1/constituency-21","/chamber-1","/chamber-1/constituency-21",21,1,21,"House of Commons","Blackstrap","Saskatchewan"
"/chamber-1/constituency-22","/chamber-1","/chamber-1/constituency-22",22,1,22,"House of Commons","Bonavista—Gander—Grand Falls—Windsor","Newfoundland and Labrador"
"/chamber-1/constituency-23","/chamber-1","/chamber-1/constituency-23",23,1,23,"House of Commons","Bourassa","Quebec"
"/chamber-1/constituency-24","/chamber-1","/chamber-1/constituency-24",24,1,24,"House of Commons","Bramalea—Gore—Malton","Ontario"
"/chamber-1/constituency-25","/chamber-1","/chamber-1/constituency-25",25,1,25,"House of Commons","Brampton West","Ontario"
"/chamber-1/constituency-26","/chamber-1","/chamber-1/constituency-26",26,1,26,"House of Commons","Brampton—Springdale","Ontario"
"/chamber-1/constituency-27","/chamber-1","/chamber-1/constituency-27",27,1,27,"House of Commons","Brandon—Souris","Manitoba"
"/chamber-1/constituency-28","/chamber-1","/chamber-1/constituency-28",28,1,28,"House of Commons","Brant","Ontario"
"/chamber-1/constituency-29","/chamber-1","/chamber-1/constituency-29",29,1,29,"House of Commons","British Columbia Southern Interior","British Columbia"
"/chamber-1/constituency-30","/chamber-1","/chamber-1/constituency-30",30,1,30,"House of Commons","Brome—Missisquoi","Quebec"
"/chamber-1/constituency-31","/chamber-1","/chamber-1/constituency-31",31,1,31,"House of Commons","Brossard—La Prairie","Quebec"
"/chamber-1/constituency-32","/chamber-1","/chamber-1/constituency-32",32,1,32,"House of Commons","Bruce—Grey—Owen Sound","Ontario"
"/chamber-1/constituency-33","/chamber-1","/chamber-1/constituency-33",33,1,33,"House of Commons","Burlington","Ontario"
"/chamber-1/constituency-34","/chamber-1","/chamber-1/constituency-34",34,1,34,"House of Commons","Burnaby—Douglas","British Columbia"
"/chamber-1/constituency-35","/chamber-1","/chamber-1/constituency-35",35,1,35,"House of Commons","Burnaby—New Westminster","British Columbia"
"/chamber-1/constituency-36","/chamber-1","/chamber-1/constituency-36",36,1,36,"House of Commons","Calgary Centre","Alberta"
"/chamber-1/constituency-37","/chamber-1","/chamber-1/constituency-37",37,1,37,"House of Commons","Calgary Centre-North","Alberta"
"/chamber-1/constituency-38","/chamber-1","/chamber-1/constituency-38",38,1,38,"House of Commons","Calgary East","Alberta"
"/chamber-1/constituency-39","/chamber-1","/chamber-1/constituency-39",39,1,39,"House of Commons","Calgary Northeast","Alberta"
"/chamber-1/constituency-40","/chamber-1","/chamber-1/constituency-40",40,1,40,"House of Commons","Calgary Southeast","Alberta"
"/chamber-1/constituency-41","/chamber-1","/chamber-1/constituency-41",41,1,41,"House of Commons","Calgary Southwest","Alberta"
"/chamber-1/constituency-42","/chamber-1","/chamber-1/constituency-42",42,1,42,"House of Commons","Calgary West","Alberta"
"/chamber-1/constituency-43","/chamber-1","/chamber-1/constituency-43",43,1,43,"House of Commons","Calgary—Nose Hill","Alberta"
"/chamber-1/constituency-44","/chamber-1","/chamber-1/constituency-44",44,1,44,"House of Commons","Cambridge","Ontario"
"/chamber-1/constituency-45","/chamber-1","/chamber-1/constituency-45",45,1,45,"House of Commons","Cape Breton—Canso","Nova Scotia"
"/chamber-1/constituency-46","/chamber-1","/chamber-1/constituency-46",46,1,46,"House of Commons","Cardigan","Prince Edward Island"
"/chamber-1/constituency-47","/chamber-1","/chamber-1/constituency-47",47,1,47,"House of Commons","Cariboo—Prince George","British Columbia"
"/chamber-1/constituency-48","/chamber-1","/chamber-1/constituency-48",48,1,48,"House of Commons","Carleton—Mississippi Mills","Ontario"
"/chamber-1/constituency-49","/chamber-1","/chamber-1/constituency-49",49,1,49,"House of Commons","Central Nova","Nova Scotia"
"/chamber-1/constituency-50","/chamber-1","/chamber-1/constituency-50",50,1,50,"House of Commons","Chambly—Borduas","Quebec"
"/chamber-1/constituency-51","/chamber-1","/chamber-1/constituency-51",51,1,51,"House of Commons","Charlesbourg—Haute-Saint-Charles","Quebec"
"/chamber-1/constituency-52","/chamber-1","/chamber-1/constituency-52",52,1,52,"House of Commons","Charleswood—St. James—Assiniboia","Manitoba"
"/chamber-1/constituency-53","/chamber-1","/chamber-1/constituency-53",53,1,53,"House of Commons","Charlottetown","Prince Edward Island"
"/chamber-1/constituency-54","/chamber-1","/chamber-1/constituency-54",54,1,54,"House of Commons","Châteauguay—Saint-Constant","Quebec"
"/chamber-1/constituency-55","/chamber-1","/chamber-1/constituency-55",55,1,55,"House of Commons","Chatham-Kent—Essex","Ontario"
"/chamber-1/constituency-56","/chamber-1","/chamber-1/constituency-56",56,1,56,"House of Commons","Chicoutimi—Le Fjord","Quebec"
"/chamber-1/constituency-57","/chamber-1","/chamber-1/constituency-57",57,1,57,"House of Commons","Chilliwack—Fraser Canyon","British Columbia"
"/chamber-1/constituency-58","/chamber-1","/chamber-1/constituency-58",58,1,58,"House of Commons","Churchill","Manitoba"
"/chamber-1/constituency-59","/chamber-1","/chamber-1/constituency-59",59,1,59,"House of Commons","Compton—Stanstead","Quebec"
"/chamber-1/constituency-60","/chamber-1","/chamber-1/constituency-60",60,1,60,"House of Commons","Crowfoot","Alberta"
"/chamber-1/constituency-61","/chamber-1","/chamber-1/constituency-61",61,1,61,"House of Commons","Cumberland—Colchester—Musquodoboit Valley","Nova Scotia"
"/chamber-1/constituency-62","/chamber-1","/chamber-1/constituency-62",62,1,62,"House of Commons","Cypress Hills—Grasslands","Saskatchewan"
"/chamber-1/constituency-63","/chamber-1","/chamber-1/constituency-63",63,1,63,"House of Commons","Dartmouth—Cole Harbour","Nova Scotia"
"/chamber-1/constituency-64","/chamber-1","/chamber-1/constituency-64",64,1,64,"House of Commons","Dauphin—Swan River—Marquette","Manitoba"
"/chamber-1/constituency-65","/chamber-1","/chamber-1/constituency-65",65,1,65,"House of Commons","Davenport","Ontario"
"/chamber-1/constituency-66","/chamber-1","/chamber-1/constituency-66",66,1,66,"House of Commons","Delta—Richmond East","British Columbia"
"/chamber-1/constituency-67","/chamber-1","/chamber-1/constituency-67",67,1,67,"House of Commons","Desnethé—Missinippi—Churchill River","Saskatchewan"
"/chamber-1/constituency-68","/chamber-1","/chamber-1/constituency-68",68,1,68,"House of Commons","Don Valley East","Ontario"
"/chamber-1/constituency-69","/chamber-1","/chamber-1/constituency-69",69,1,69,"House of Commons","Don Valley West","Ontario"
"/chamber-1/constituency-70","/chamber-1","/chamber-1/constituency-70",70,1,70,"House of Commons","Drummond","Quebec"
"/chamber-1/constituency-71","/chamber-1","/chamber-1/constituency-71",71,1,71,"House of Commons","Dufferin—Caledon","Ontario"
"/chamber-1/constituency-72","/chamber-1","/chamber-1/constituency-72",72,1,72,"House of Commons","Durham","Ontario"
"/chamber-1/constituency-73","/chamber-1","/chamber-1/constituency-73",73,1,73,"House of Commons","Edmonton Centre","Alberta"
"/chamber-1/constituency-74","/chamber-1","/chamber-1/constituency-74",74,1,74,"House of Commons","Edmonton East","Alberta"
"/chamber-1/constituency-75","/chamber-1","/chamber-1/constituency-75",75,1,75,"House of Commons","Edmonton—Leduc","Alberta"
"/chamber-1/constituency-76","/chamber-1","/chamber-1/constituency-76",76,1,76,"House of Commons","Edmonton—Mill Woods—Beaumont","Alberta"
"/chamber-1/constituency-77","/chamber-1","/chamber-1/constituency-77",77,1,77,"House of Commons","Edmonton—Sherwood Park","Alberta"
"/chamber-1/constituency-78","/chamber-1","/chamber-1/constituency-78",78,1,78,"House of Commons","Edmonton—Spruce Grove","Alberta"
"/chamber-1/constituency-79","/chamber-1","/chamber-1/constituency-79",79,1,79,"House of Commons","Edmonton—St. Albert","Alberta"
"/chamber-1/constituency-80","/chamber-1","/chamber-1/constituency-80",80,1,80,"House of Commons","Edmonton—Strathcona","Alberta"
"/chamber-1/constituency-81","/chamber-1","/chamber-1/constituency-81",81,1,81,"House of Commons","Eglinton—Lawrence","Ontario"
"/chamber-1/constituency-82","/chamber-1","/chamber-1/constituency-82",82,1,82,"House of Commons","Egmont","Prince Edward Island"
"/chamber-1/constituency-83","/chamber-1","/chamber-1/constituency-83",83,1,83,"House of Commons","Elgin—Middlesex—London","Ontario"
"/chamber-1/constituency-84","/chamber-1","/chamber-1/constituency-84",84,1,84,"House of Commons","Elmwood—Transcona","Manitoba"
"/chamber-1/constituency-85","/chamber-1","/chamber-1/constituency-85",85,1,85,"House of Commons","Esquimalt—Juan de Fuca","British Columbia"
"/chamber-1/constituency-86","/chamber-1","/chamber-1/constituency-86",86,1,86,"House of Commons","Essex","Ontario"
"/chamber-1/constituency-87","/chamber-1","/chamber-1/constituency-87",87,1,87,"House of Commons","Etobicoke Centre","Ontario"
"/chamber-1/constituency-88","/chamber-1","/chamber-1/constituency-88",88,1,88,"House of Commons","Etobicoke North","Ontario"
"/chamber-1/constituency-89","/chamber-1","/chamber-1/constituency-89",89,1,89,"House of Commons","Etobicoke—Lakeshore","Ontario"
"/chamber-1/constituency-90","/chamber-1","/chamber-1/constituency-90",90,1,90,"House of Commons","Fleetwood—Port Kells","British Columbia"
"/chamber-1/constituency-91","/chamber-1","/chamber-1/constituency-91",91,1,91,"House of Commons","Fort McMurray—Athabasca","Alberta"
"/chamber-1/constituency-92","/chamber-1","/chamber-1/constituency-92",92,1,92,"House of Commons","Fredericton","New Brunswick"
"/chamber-1/constituency-93","/chamber-1","/chamber-1/constituency-93",93,1,93,"House of Commons","Fundy Royal","New Brunswick"
"/chamber-1/constituency-94","/chamber-1","/chamber-1/constituency-94",94,1,94,"House of Commons","Gaspésie—Îles-de-la-Madeleine","Quebec"
"/chamber-1/constituency-95","/chamber-1","/chamber-1/constituency-95",95,1,95,"House of Commons","Gatineau","Quebec"
"/chamber-1/constituency-96","/chamber-1","/chamber-1/constituency-96",96,1,96,"House of Commons","Glengarry—Prescott—Russell","Ontario"
"/chamber-1/constituency-97","/chamber-1","/chamber-1/constituency-97",97,1,97,"House of Commons","Guelph","Ontario"
"/chamber-1/constituency-98","/chamber-1","/chamber-1/constituency-98",98,1,98,"House of Commons","Haldimand—Norfolk","Ontario"
"/chamber-1/constituency-99","/chamber-1","/chamber-1/constituency-99",99,1,99,"House of Commons","Haliburton—Kawartha Lakes—Brock","Ontario"
"/chamber-1/constituency-100","/chamber-1","/chamber-1/constituency-100",100,1,100,"House of Commons","Halifax","Nova Scotia"
"/chamber-1/constituency-101","/chamber-1","/chamber-1/constituency-101",101,1,101,"House of Commons","Halifax West","Nova Scotia"
"/chamber-1/constituency-102","/chamber-1","/chamber-1/constituency-102",102,1,102,"House of Commons","Halton","Ontario"
"/chamber-1/constituency-103","/chamber-1","/chamber-1/constituency-103",103,1,103,"House of Commons","Hamilton Centre","Ontario"
"/chamber-1/constituency-104","/chamber-1","/chamber-1/constituency-104",104,1,104,"House of Commons","Hamilton East—Stoney Creek","Ontario"
"/chamber-1/constituency-105","/chamber-1","/chamber-1/constituency-105",105,1,105,"House of Commons","Hamilton Mountain","Ontario"
"/chamber-1/constituency-106","/chamber-1","/chamber-1/constituency-106",106,1,106,"House of Commons","Haute-Gaspésie—La Mitis—Matane—Matapédia","Quebec"
"/chamber-1/constituency-107","/chamber-1","/chamber-1/constituency-107",107,1,107,"House of Commons","Hochelaga","Quebec"
"/chamber-1/constituency-108","/chamber-1","/chamber-1/constituency-108",108,1,108,"House of Commons","Honoré-Mercier","Quebec"
"/chamber-1/constituency-109","/chamber-1","/chamber-1/constituency-109",109,1,109,"House of Commons","Hull—Aylmer","Quebec"
"/chamber-1/constituency-110","/chamber-1","/chamber-1/constituency-110",110,1,110,"House of Commons","Humber—St. Barbe—Baie Verte","Newfoundland and Labrador"
"/chamber-1/constituency-111","/chamber-1","/chamber-1/constituency-111",111,1,111,"House of Commons","Huron—Bruce","Ontario"
"/chamber-1/constituency-112","/chamber-1","/chamber-1/constituency-112",112,1,112,"House of Commons","Jeanne-Le Ber","Quebec"
"/chamber-1/constituency-113","/chamber-1","/chamber-1/constituency-113",113,1,113,"House of Commons","Joliette","Quebec"
"/chamber-1/constituency-114","/chamber-1","/chamber-1/constituency-114",114,1,114,"House of Commons","Jonquière—Alma","Quebec"
"/chamber-1/constituency-115","/chamber-1","/chamber-1/constituency-115",115,1,115,"House of Commons","Kamloops—Thompson—Cariboo","British Columbia"
"/chamber-1/constituency-116","/chamber-1","/chamber-1/constituency-116",116,1,116,"House of Commons","Kelowna—Lake Country","British Columbia"
"/chamber-1/constituency-117","/chamber-1","/chamber-1/constituency-117",117,1,117,"House of Commons","Kenora","Ontario"
"/chamber-1/constituency-118","/chamber-1","/chamber-1/constituency-118",118,1,118,"House of Commons","Kildonan—St. Paul","Manitoba"
"/chamber-1/constituency-119","/chamber-1","/chamber-1/constituency-119",119,1,119,"House of Commons","Kings—Hants","Nova Scotia"
"/chamber-1/constituency-120","/chamber-1","/chamber-1/constituency-120",120,1,120,"House of Commons","Kingston and the Islands","Ontario"
"/chamber-1/constituency-121","/chamber-1","/chamber-1/constituency-121",121,1,121,"House of Commons","Kitchener Centre","Ontario"
"/chamber-1/constituency-122","/chamber-1","/chamber-1/constituency-122",122,1,122,"House of Commons","Kitchener—Conestoga","Ontario"
"/chamber-1/constituency-123","/chamber-1","/chamber-1/constituency-123",123,1,123,"House of Commons","Kitchener—Waterloo","Ontario"
"/chamber-1/constituency-124","/chamber-1","/chamber-1/constituency-124",124,1,124,"House of Commons","Kootenay—Columbia","British Columbia"
"/chamber-1/constituency-125","/chamber-1","/chamber-1/constituency-125",125,1,125,"House of Commons","La Pointe-de-l'Île","Quebec"
"/chamber-1/constituency-126","/chamber-1","/chamber-1/constituency-126",126,1,126,"House of Commons","Labrador","Newfoundland and Labrador"
"/chamber-1/constituency-127","/chamber-1","/chamber-1/constituency-127",127,1,127,"House of Commons","Lac-Saint-Louis","Quebec"
"/chamber-1/constituency-128","/chamber-1","/chamber-1/constituency-128",128,1,128,"House of Commons","Lambton—Kent—Middlesex","Ontario"
"/chamber-1/constituency-129","/chamber-1","/chamber-1/constituency-129",129,1,129,"House of Commons","Lanark—Frontenac—Lennox and Addington","Ontario"
"/chamber-1/constituency-130","/chamber-1","/chamber-1/constituency-130",130,1,130,"House of Commons","Langley","British Columbia"
"/chamber-1/constituency-131","/chamber-1","/chamber-1/constituency-131",131,1,131,"House of Commons","LaSalle—Émard","Quebec"
"/chamber-1/constituency-132","/chamber-1","/chamber-1/constituency-132",132,1,132,"House of Commons","Laurentides—Labelle","Quebec"
"/chamber-1/constituency-133","/chamber-1","/chamber-1/constituency-133",133,1,133,"House of Commons","Laurier—Sainte-Marie","Quebec"
"/chamber-1/constituency-134","/chamber-1","/chamber-1/constituency-134",134,1,134,"House of Commons","Laval","Quebec"
"/chamber-1/constituency-135","/chamber-1","/chamber-1/constituency-135",135,1,135,"House of Commons","Laval—Les Îles","Quebec"
"/chamber-1/constituency-136","/chamber-1","/chamber-1/constituency-136",136,1,136,"House of Commons","Leeds—Grenville","Ontario"
"/chamber-1/constituency-137","/chamber-1","/chamber-1/constituency-137",137,1,137,"House of Commons","Lethbridge","Alberta"
"/chamber-1/constituency-138","/chamber-1","/chamber-1/constituency-138",138,1,138,"House of Commons","Lévis—Bellechasse","Quebec"
"/chamber-1/constituency-139","/chamber-1","/chamber-1/constituency-139",139,1,139,"House of Commons","London North Centre","Ontario"
"/chamber-1/constituency-140","/chamber-1","/chamber-1/constituency-140",140,1,140,"House of Commons","London West","Ontario"
"/chamber-1/constituency-141","/chamber-1","/chamber-1/constituency-141",141,1,141,"House of Commons","London—Fanshawe","Ontario"
"/chamber-1/constituency-142","/chamber-1","/chamber-1/constituency-142",142,1,142,"House of Commons","Longueuil—Pierre-Boucher","Quebec"
"/chamber-1/constituency-143","/chamber-1","/chamber-1/constituency-143",143,1,143,"House of Commons","Lotbinière—Chutes-de-la-Chaudière","Quebec"
"/chamber-1/constituency-144","/chamber-1","/chamber-1/constituency-144",144,1,144,"House of Commons","Louis-Hébert","Quebec"
"/chamber-1/constituency-145","/chamber-1","/chamber-1/constituency-145",145,1,145,"House of Commons","Louis-Saint-Laurent","Quebec"
"/chamber-1/constituency-146","/chamber-1","/chamber-1/constituency-146",146,1,146,"House of Commons","Macleod","Alberta"
"/chamber-1/constituency-147","/chamber-1","/chamber-1/constituency-147",147,1,147,"House of Commons","Madawaska—Restigouche","New Brunswick"
"/chamber-1/constituency-148","/chamber-1","/chamber-1/constituency-148",148,1,148,"House of Commons","Malpeque","Prince Edward Island"
"/chamber-1/constituency-149","/chamber-1","/chamber-1/constituency-149",149,1,149,"House of Commons","Manicouagan","Quebec"
"/chamber-1/constituency-150","/chamber-1","/chamber-1/constituency-150",150,1,150,"House of Commons","Marc-Aurèle-Fortin","Quebec"
"/chamber-1/constituency-151","/chamber-1","/chamber-1/constituency-151",151,1,151,"House of Commons","Markham—Unionville","Ontario"
"/chamber-1/constituency-152","/chamber-1","/chamber-1/constituency-152",152,1,152,"House of Commons","Medicine Hat","Alberta"
"/chamber-1/constituency-153","/chamber-1","/chamber-1/constituency-153",153,1,153,"House of Commons","Mégantic—L'Érable","Quebec"
"/chamber-1/constituency-154","/chamber-1","/chamber-1/constituency-154",154,1,154,"House of Commons","Miramichi","New Brunswick"
"/chamber-1/constituency-155","/chamber-1","/chamber-1/constituency-155",155,1,155,"House of Commons","Mississauga East—Cooksville","Ontario"
"/chamber-1/constituency-156","/chamber-1","/chamber-1/constituency-156",156,1,156,"House of Commons","Mississauga South","Ontario"
"/chamber-1/constituency-157","/chamber-1","/chamber-1/constituency-157",157,1,157,"House of Commons","Mississauga—Brampton South","Ontario"
"/chamber-1/constituency-158","/chamber-1","/chamber-1/constituency-158",158,1,158,"House of Commons","Mississauga—Erindale","Ontario"
"/chamber-1/constituency-159","/chamber-1","/chamber-1/constituency-159",159,1,159,"House of Commons","Mississauga—Streetsville","Ontario"
"/chamber-1/constituency-160","/chamber-1","/chamber-1/constituency-160",160,1,160,"House of Commons","Moncton—Riverview—Dieppe","New Brunswick"
"/chamber-1/constituency-161","/chamber-1","/chamber-1/constituency-161",161,1,161,"House of Commons","Montcalm","Quebec"
"/chamber-1/constituency-162","/chamber-1","/chamber-1/constituency-162",162,1,162,"House of Commons","Montmagny—L'Islet—Kamouraska—Rivière-du-Loup","Quebec"
"/chamber-1/constituency-163","/chamber-1","/chamber-1/constituency-163",163,1,163,"House of Commons","Montmorency—Charlevoix—Haute-Côte-Nord","Quebec"
"/chamber-1/constituency-164","/chamber-1","/chamber-1/constituency-164",164,1,164,"House of Commons","Mount Royal","Quebec"
"/chamber-1/constituency-165","/chamber-1","/chamber-1/constituency-165",165,1,165,"House of Commons","Nanaimo—Alberni","British Columbia"
"/chamber-1/constituency-166","/chamber-1","/chamber-1/constituency-166",166,1,166,"House of Commons","Nanaimo—Cowichan","British Columbia"
"/chamber-1/constituency-167","/chamber-1","/chamber-1/constituency-167",167,1,167,"House of Commons","Nepean—Carleton","Ontario"
"/chamber-1/constituency-168","/chamber-1","/chamber-1/constituency-168",168,1,168,"House of Commons","New Brunswick Southwest","New Brunswick"
"/chamber-1/constituency-169","/chamber-1","/chamber-1/constituency-169",169,1,169,"House of Commons","New Westminster—Coquitlam","British Columbia"
"/chamber-1/constituency-170","/chamber-1","/chamber-1/constituency-170",170,1,170,"House of Commons","Newmarket—Aurora","Ontario"
"/chamber-1/constituency-171","/chamber-1","/chamber-1/constituency-171",171,1,171,"House of Commons","Newton—North Delta","British Columbia"
"/chamber-1/constituency-172","/chamber-1","/chamber-1/constituency-172",172,1,172,"House of Commons","Niagara Falls","Ontario"
"/chamber-1/constituency-173","/chamber-1","/chamber-1/constituency-173",173,1,173,"House of Commons","Niagara West—Glanbrook","Ontario"
"/chamber-1/constituency-174","/chamber-1","/chamber-1/constituency-174",174,1,174,"House of Commons","Nickel Belt","Ontario"
"/chamber-1/constituency-175","/chamber-1","/chamber-1/constituency-175",175,1,175,"House of Commons","Nipissing—Timiskaming","Ontario"
"/chamber-1/constituency-176","/chamber-1","/chamber-1/constituency-176",176,1,176,"House of Commons","North Vancouver","British Columbia"
"/chamber-1/constituency-177","/chamber-1","/chamber-1/constituency-177",177,1,177,"House of Commons","Northumberland—Quinte West","Ontario"
"/chamber-1/constituency-178","/chamber-1","/chamber-1/constituency-178",178,1,178,"House of Commons","Northwest Territories","Northwest Territories"
"/chamber-1/constituency-179","/chamber-1","/chamber-1/constituency-179",179,1,179,"House of Commons","Notre-Dame-de-Grâce—Lachine","Quebec"
"/chamber-1/constituency-180","/chamber-1","/chamber-1/constituency-180",180,1,180,"House of Commons","Nunavut","Nunavut"
"/chamber-1/constituency-181","/chamber-1","/chamber-1/constituency-181",181,1,181,"House of Commons","Oak Ridges—Markham","Ontario"
"/chamber-1/constituency-182","/chamber-1","/chamber-1/constituency-182",182,1,182,"House of Commons","Oakville","Ontario"
"/chamber-1/constituency-183","/chamber-1","/chamber-1/constituency-183",183,1,183,"House of Commons","Okanagan—Coquihalla","British Columbia"
"/chamber-1/constituency-184","/chamber-1","/chamber-1/constituency-184",184,1,184,"House of Commons","Okanagan—Shuswap","British Columbia"
"/chamber-1/constituency-185","/chamber-1","/chamber-1/constituency-185",185,1,185,"House of Commons","Oshawa","Ontario"
"/chamber-1/constituency-186","/chamber-1","/chamber-1/constituency-186",186,1,186,"House of Commons","Ottawa Centre","Ontario"
"/chamber-1/constituency-187","/chamber-1","/chamber-1/constituency-187",187,1,187,"House of Commons","Ottawa South","Ontario"
"/chamber-1/constituency-188","/chamber-1","/chamber-1/constituency-188",188,1,188,"House of Commons","Ottawa West—Nepean","Ontario"
"/chamber-1/constituency-189","/chamber-1","/chamber-1/constituency-189",189,1,189,"House of Commons","Ottawa—Orléans","Ontario"
"/chamber-1/constituency-190","/chamber-1","/chamber-1/constituency-190",190,1,190,"House of Commons","Ottawa—Vanier","Ontario"
"/chamber-1/constituency-191","/chamber-1","/chamber-1/constituency-191",191,1,191,"House of Commons","Outremont","Quebec"
"/chamber-1/constituency-192","/chamber-1","/chamber-1/constituency-192",192,1,192,"House of Commons","Oxford","Ontario"
"/chamber-1/constituency-193","/chamber-1","/chamber-1/constituency-193",193,1,193,"House of Commons","Palliser","Saskatchewan"
"/chamber-1/constituency-194","/chamber-1","/chamber-1/constituency-194",194,1,194,"House of Commons","Papineau","Quebec"
"/chamber-1/constituency-195","/chamber-1","/chamber-1/constituency-195",195,1,195,"House of Commons","Parkdale—High Park","Ontario"
"/chamber-1/constituency-196","/chamber-1","/chamber-1/constituency-196",196,1,196,"House of Commons","Parry Sound—Muskoka","Ontario"
"/chamber-1/constituency-197","/chamber-1","/chamber-1/constituency-197",197,1,197,"House of Commons","Peace River","Alberta"
"/chamber-1/constituency-198","/chamber-1","/chamber-1/constituency-198",198,1,198,"House of Commons","Perth—Wellington","Ontario"
"/chamber-1/constituency-199","/chamber-1","/chamber-1/constituency-199",199,1,199,"House of Commons","Peterborough","Ontario"
"/chamber-1/constituency-200","/chamber-1","/chamber-1/constituency-200",200,1,200,"House of Commons","Pickering—Scarborough East","Ontario"
"/chamber-1/constituency-201","/chamber-1","/chamber-1/constituency-201",201,1,201,"House of Commons","Pierrefonds—Dollard","Quebec"
"/chamber-1/constituency-202","/chamber-1","/chamber-1/constituency-202",202,1,202,"House of Commons","Pitt Meadows—Maple Ridge—Mission","British Columbia"
"/chamber-1/constituency-203","/chamber-1","/chamber-1/constituency-203",203,1,203,"House of Commons","Pontiac","Quebec"
"/chamber-1/constituency-204","/chamber-1","/chamber-1/constituency-204",204,1,204,"House of Commons","Port Moody—Westwood—Port Coquitlam","British Columbia"
"/chamber-1/constituency-205","/chamber-1","/chamber-1/constituency-205",205,1,205,"House of Commons","Portage—Lisgar","Manitoba"
"/chamber-1/constituency-206","/chamber-1","/chamber-1/constituency-206",206,1,206,"House of Commons","Portneuf—Jacques-Cartier","Quebec"
"/chamber-1/constituency-207","/chamber-1","/chamber-1/constituency-207",207,1,207,"House of Commons","Prince Albert","Saskatchewan"
"/chamber-1/constituency-208","/chamber-1","/chamber-1/constituency-208",208,1,208,"House of Commons","Prince Edward—Hastings","Ontario"
"/chamber-1/constituency-209","/chamber-1","/chamber-1/constituency-209",209,1,209,"House of Commons","Prince George—Peace River","British Columbia"
"/chamber-1/constituency-210","/chamber-1","/chamber-1/constituency-210",210,1,210,"House of Commons","Provencher","Manitoba"
"/chamber-1/constituency-211","/chamber-1","/chamber-1/constituency-211",211,1,211,"House of Commons","Québec","Quebec"
"/chamber-1/constituency-212","/chamber-1","/chamber-1/constituency-212",212,1,212,"House of Commons","Random—Burin—St. George's","Newfoundland and Labrador"
"/chamber-1/constituency-213","/chamber-1","/chamber-1/constituency-213",213,1,213,"House of Commons","Red Deer","Alberta"
"/chamber-1/constituency-214","/chamber-1","/chamber-1/constituency-214",214,1,214,"House of Commons","Regina—Lumsden—Lake Centre","Saskatchewan"
"/chamber-1/constituency-215","/chamber-1","/chamber-1/constituency-215",215,1,215,"House of Commons","Regina—Qu'Appelle","Saskatchewan"
"/chamber-1/constituency-216","/chamber-1","/chamber-1/constituency-216",216,1,216,"House of Commons","Renfrew—Nipissing—Pembroke","Ontario"
"/chamber-1/constituency-217","/chamber-1","/chamber-1/constituency-217",217,1,217,"House of Commons","Repentigny","Quebec"
"/chamber-1/constituency-218","/chamber-1","/chamber-1/constituency-218",218,1,218,"House of Commons","Richmond","British Columbia"
"/chamber-1/constituency-219","/chamber-1","/chamber-1/constituency-219",219,1,219,"House of Commons","Richmond Hill","Ontario"
"/chamber-1/constituency-220","/chamber-1","/chamber-1/constituency-220",220,1,220,"House of Commons","Richmond—Arthabaska","Quebec"
"/chamber-1/constituency-221","/chamber-1","/chamber-1/constituency-221",221,1,221,"House of Commons","Rimouski-Neigette—Témiscouata—Les Basques","Quebec"
"/chamber-1/constituency-222","/chamber-1","/chamber-1/constituency-222",222,1,222,"House of Commons","Rivière-des-Mille-Îles","Quebec"
"/chamber-1/constituency-223","/chamber-1","/chamber-1/constituency-223",223,1,223,"House of Commons","Rivière-du-Nord","Quebec"
"/chamber-1/constituency-224","/chamber-1","/chamber-1/constituency-224",224,1,224,"House of Commons","Roberval—Lac-Saint-Jean","Quebec"
"/chamber-1/constituency-225","/chamber-1","/chamber-1/constituency-225",225,1,225,"House of Commons","Rosemont—La Petite-Patrie","Quebec"
"/chamber-1/constituency-226","/chamber-1","/chamber-1/constituency-226",226,1,226,"House of Commons","Saanich—Gulf Islands","British Columbia"
"/chamber-1/constituency-227","/chamber-1","/chamber-1/constituency-227",227,1,227,"House of Commons","Sackville—Eastern Shore","Nova Scotia"
"/chamber-1/constituency-228","/chamber-1","/chamber-1/constituency-228",228,1,228,"House of Commons","Saint Boniface","Manitoba"
"/chamber-1/constituency-229","/chamber-1","/chamber-1/constituency-229",229,1,229,"House of Commons","Saint John","New Brunswick"
"/chamber-1/constituency-230","/chamber-1","/chamber-1/constituency-230",230,1,230,"House of Commons","Saint-Bruno—Saint-Hubert","Quebec"
"/chamber-1/constituency-231","/chamber-1","/chamber-1/constituency-231",231,1,231,"House of Commons","Saint-Hyacinthe—Bagot","Quebec"
"/chamber-1/constituency-232","/chamber-1","/chamber-1/constituency-232",232,1,232,"House of Commons","Saint-Jean","Quebec"
"/chamber-1/constituency-233","/chamber-1","/chamber-1/constituency-233",233,1,233,"House of Commons","Saint-Lambert","Quebec"
"/chamber-1/constituency-234","/chamber-1","/chamber-1/constituency-234",234,1,234,"House of Commons","Saint-Laurent—Cartierville","Quebec"
"/chamber-1/constituency-235","/chamber-1","/chamber-1/constituency-235",235,1,235,"House of Commons","Saint-Léonard—Saint-Michel","Quebec"
"/chamber-1/constituency-236","/chamber-1","/chamber-1/constituency-236",236,1,236,"House of Commons","Saint-Maurice—Champlain","Quebec"
"/chamber-1/constituency-237","/chamber-1","/chamber-1/constituency-237",237,1,237,"House of Commons","Sarnia—Lambton","Ontario"
"/chamber-1/constituency-238","/chamber-1","/chamber-1/constituency-238",238,1,238,"House of Commons","Saskatoon—Humboldt","Saskatchewan"
"/chamber-1/constituency-239","/chamber-1","/chamber-1/constituency-239",239,1,239,"House of Commons","Saskatoon—Rosetown—Biggar","Saskatchewan"
"/chamber-1/constituency-240","/chamber-1","/chamber-1/constituency-240",240,1,240,"House of Commons","Saskatoon—Wanuskewin","Saskatchewan"
"/chamber-1/constituency-241","/chamber-1","/chamber-1/constituency-241",241,1,241,"House of Commons","Sault Ste. Marie","Ontario"
"/chamber-1/constituency-242","/chamber-1","/chamber-1/constituency-242",242,1,242,"House of Commons","Scarborough Centre","Ontario"
"/chamber-1/constituency-243","/chamber-1","/chamber-1/constituency-243",243,1,243,"House of Commons","Scarborough Southwest","Ontario"
"/chamber-1/constituency-244","/chamber-1","/chamber-1/constituency-244",244,1,244,"House of Commons","Scarborough—Agincourt","Ontario"
"/chamber-1/constituency-245","/chamber-1","/chamber-1/constituency-245",245,1,245,"House of Commons","Scarborough—Guildwood","Ontario"
"/chamber-1/constituency-246","/chamber-1","/chamber-1/constituency-246",246,1,246,"House of Commons","Scarborough—Rouge River","Ontario"
"/chamber-1/constituency-247","/chamber-1","/chamber-1/constituency-247",247,1,247,"House of Commons","Selkirk—Interlake","Manitoba"
"/chamber-1/constituency-248","/chamber-1","/chamber-1/constituency-248",248,1,248,"House of Commons","Shefford","Quebec"
"/chamber-1/constituency-249","/chamber-1","/chamber-1/constituency-249",249,1,249,"House of Commons","Sherbrooke","Quebec"
"/chamber-1/constituency-250","/chamber-1","/chamber-1/constituency-250",250,1,250,"House of Commons","Simcoe North","Ontario"
"/chamber-1/constituency-251","/chamber-1","/chamber-1/constituency-251",251,1,251,"House of Commons","Simcoe—Grey","Ontario"
"/chamber-1/constituency-252","/chamber-1","/chamber-1/constituency-252",252,1,252,"House of Commons","Skeena—Bulkley Valley","British Columbia"
"/chamber-1/constituency-253","/chamber-1","/chamber-1/constituency-253",253,1,253,"House of Commons","Souris—Moose Mountain","Saskatchewan"
"/chamber-1/constituency-254","/chamber-1","/chamber-1/constituency-254",254,1,254,"House of Commons","South Shore—St. Margaret's","Nova Scotia"
"/chamber-1/constituency-255","/chamber-1","/chamber-1/constituency-255",255,1,255,"House of Commons","South Surrey—White Rock—Cloverdale","British Columbia"
"/chamber-1/constituency-256","/chamber-1","/chamber-1/constituency-256",256,1,256,"House of Commons","St. Catharines","Ontario"
"/chamber-1/constituency-257","/chamber-1","/chamber-1/constituency-257",257,1,257,"House of Commons","St. John's East","Newfoundland and Labrador"
"/chamber-1/constituency-258","/chamber-1","/chamber-1/constituency-258",258,1,258,"House of Commons","St. John's South—Mount Pearl","Newfoundland and Labrador"
"/chamber-1/constituency-259","/chamber-1","/chamber-1/constituency-259",259,1,259,"House of Commons","St. Paul's","Ontario"
"/chamber-1/constituency-260","/chamber-1","/chamber-1/constituency-260",260,1,260,"House of Commons","Stormont—Dundas—South Glengarry","Ontario"
"/chamber-1/constituency-261","/chamber-1","/chamber-1/constituency-261",261,1,261,"House of Commons","Sudbury","Ontario"
"/chamber-1/constituency-262","/chamber-1","/chamber-1/constituency-262",262,1,262,"House of Commons","Surrey North","British Columbia"
"/chamber-1/constituency-263","/chamber-1","/chamber-1/constituency-263",263,1,263,"House of Commons","Sydney—Victoria","Nova Scotia"
"/chamber-1/constituency-264","/chamber-1","/chamber-1/constituency-264",264,1,264,"House of Commons","Terrebonne—Blainville","Quebec"
"/chamber-1/constituency-265","/chamber-1","/chamber-1/constituency-265",265,1,265,"House of Commons","Thornhill","Ontario"
"/chamber-1/constituency-266","/chamber-1","/chamber-1/constituency-266",266,1,266,"House of Commons","Thunder Bay—Rainy River","Ontario"
"/chamber-1/constituency-267","/chamber-1","/chamber-1/constituency-267",267,1,267,"House of Commons","Thunder Bay—Superior North","Ontario"
"/chamber-1/constituency-268","/chamber-1","/chamber-1/constituency-268",268,1,268,"House of Commons","Timmins—James Bay","Ontario"
"/chamber-1/constituency-269","/chamber-1","/chamber-1/constituency-269",269,1,269,"House of Commons","Tobique—Mactaquac","New Brunswick"
"/chamber-1/constituency-270","/chamber-1","/chamber-1/constituency-270",270,1,270,"House of Commons","Toronto Centre","Ontario"
"/chamber-1/constituency-271","/chamber-1","/chamber-1/constituency-271",271,1,271,"House of Commons","Toronto—Danforth","Ontario"
"/chamber-1/constituency-272","/chamber-1","/chamber-1/constituency-272",272,1,272,"House of Commons","Trinity—Spadina","Ontario"
"/chamber-1/constituency-273","/chamber-1","/chamber-1/constituency-273",273,1,273,"House of Commons","Trois-Rivières","Quebec"
"/chamber-1/constituency-274","/chamber-1","/chamber-1/constituency-274",274,1,274,"House of Commons","Vancouver Centre","British Columbia"
"/chamber-1/constituency-275","/chamber-1","/chamber-1/constituency-275",275,1,275,"House of Commons","Vancouver East","British Columbia"
"/chamber-1/constituency-276","/chamber-1","/chamber-1/constituency-276",276,1,276,"House of Commons","Vancouver Island North","British Columbia"
"/chamber-1/constituency-277","/chamber-1","/chamber-1/constituency-277",277,1,277,"House of Commons","Vancouver Kingsway","British Columbia"
"/chamber-1/constituency-278","/chamber-1","/chamber-1/constituency-278",278,1,278,"House of Commons","Vancouver Quadra","British Columbia"
"/chamber-1/constituency-279","/chamber-1","/chamber-1/constituency-279",279,1,279,"House of Commons","Vancouver South","British Columbia"
"/chamber-1/constituency-280","/chamber-1","/chamber-1/constituency-280",280,1,280,"House of Commons","Vaudreuil-Soulanges","Quebec"
"/chamber-1/constituency-281","/chamber-1","/chamber-1/constituency-281",281,1,281,"House of Commons","Vaughan","Ontario"
"/chamber-1/constituency-282","/chamber-1","/chamber-1/constituency-282",282,1,282,"House of Commons","Vegreville—Wainwright","Alberta"
"/chamber-1/constituency-283","/chamber-1","/chamber-1/constituency-283",283,1,283,"House of Commons","Verchères—Les Patriotes","Quebec"
"/chamber-1/constituency-284","/chamber-1","/chamber-1/constituency-284",284,1,284,"House of Commons","Victoria","British Columbia"
"/chamber-1/constituency-285","/chamber-1","/chamber-1/constituency-285",285,1,285,"House of Commons","Wascana","Saskatchewan"
"/chamber-1/constituency-286","/chamber-1","/chamber-1/constituency-286",286,1,286,"House of Commons","Welland","Ontario"
"/chamber-1/constituency-287","/chamber-1","/chamber-1/constituency-287",287,1,287,"House of Commons","Wellington—Halton Hills","Ontario"
"/chamber-1/constituency-288","/chamber-1","/chamber-1/constituency-288",288,1,288,"House of Commons","West Nova","Nova Scotia"
"/chamber-1/constituency-289","/chamber-1","/chamber-1/constituency-289",289,1,289,"House of Commons","West Vancouver—Sunshine Coast—Sea to Sky Country","British Columbia"
"/chamber-1/constituency-290","/chamber-1","/chamber-1/constituency-290",290,1,290,"House of Commons","Westlock—St. Paul","Alberta"
"/chamber-1/constituency-291","/chamber-1","/chamber-1/constituency-291",291,1,291,"House of Commons","Westmount—Ville-Marie","Quebec"
"/chamber-1/constituency-292","/chamber-1","/chamber-1/constituency-292",292,1,292,"House of Commons","Wetaskiwin","Alberta"
"/chamber-1/constituency-293","/chamber-1","/chamber-1/constituency-293",293,1,293,"House of Commons","Whitby—Oshawa","Ontario"
"/chamber-1/constituency-294","/chamber-1","/chamber-1/constituency-294",294,1,294,"House of Commons","Wild Rose","Alberta"
"/chamber-1/constituency-295","/chamber-1","/chamber-1/constituency-295",295,1,295,"House of Commons","Willowdale","Ontario"
"/chamber-1/constituency-296","/chamber-1","/chamber-1/constituency-296",296,1,296,"House of Commons","Windsor West","Ontario"
"/chamber-1/constituency-297","/chamber-1","/chamber-1/constituency-297",297,1,297,"House of Commons","Windsor—Tecumseh","Ontario"
"/chamber-1/constituency-298","/chamber-1","/chamber-1/constituency-298",298,1,298,"House of Commons","Winnipeg Centre","Manitoba"
"/chamber-1/constituency-299","/chamber-1","/chamber-1/constituency-299",299,1,299,"House of Commons","Winnipeg North","Manitoba"
"/chamber-1/constituency-300","/chamber-1","/chamber-1/constituency-300",300,1,300,"House of Commons","Winnipeg South","Manitoba"
"/chamber-1/constituency-301","/chamber-1","/chamber-1/constituency-301",301,1,301,"House of Commons","Winnipeg South Centre","Manitoba"
"/chamber-1/constituency-302","/chamber-1","/chamber-1/constituency-302",302,1,302,"House of Commons","Yellowhead","Alberta"
"/chamber-1/constituency-303","/chamber-1","/chamber-1/constituency-303",303,1,303,"House of Commons","York Centre","Ontario"
"/chamber-1/constituency-304","/chamber-1","/chamber-1/constituency-304",304,1,304,"House of Commons","York South—Weston","Ontario"
"/chamber-1/constituency-305","/chamber-1","/chamber-1/constituency-305",305,1,305,"House of Commons","York West","Ontario"
"/chamber-1/constituency-306","/chamber-1","/chamber-1/constituency-306",306,1,306,"House of Commons","York—Simcoe","Ontario"
"/chamber-1/constituency-307","/chamber-1","/chamber-1/constituency-307",307,1,307,"House of Commons","Yorkton—Melville","Saskatchewan"
"/chamber-1/constituency-308","/chamber-1","/chamber-1/constituency-308",308,1,308,"House of Commons","Yukon","Yukon"
