"","constituency_name","observation_path","chamber_path","constituency_path","observation_number","chamber_number","constituency_number","chamber_name","province_name"
"1","Abbotsford","/chamber-1/observation-1","/chamber-1","/chamber-1/constituency-1",1,1,1,"House of Commons","British Columbia"
"2","Abitibi—Baie-James—Nunavik—Eeyou","/chamber-1/observation-2","/chamber-1","/chamber-1/constituency-2",2,1,2,"House of Commons","Quebec"
"3","Abitibi—Témiscamingue","/chamber-1/observation-3","/chamber-1","/chamber-1/constituency-3",3,1,3,"House of Commons","Quebec"
"4","Acadie—Bathurst","/chamber-1/observation-4","/chamber-1","/chamber-1/constituency-4",4,1,4,"House of Commons","New Brunswick"
"5","Ahuntsic","/chamber-1/observation-5","/chamber-1","/chamber-1/constituency-5",5,1,5,"House of Commons","Quebec"
"6","Ahuntsic-Cartierville","/chamber-1/observation-6","/chamber-1","/chamber-1/constituency-6",6,1,6,"House of Commons","Quebec"
"7","Ajax","/chamber-1/observation-7","/chamber-1","/chamber-1/constituency-7",7,1,7,"House of Commons","Ontario"
"8","Ajax—Pickering","/chamber-1/observation-8","/chamber-1","/chamber-1/constituency-8",8,1,8,"House of Commons","Ontario"
"9","Alfred-Pellan","/chamber-1/observation-9","/chamber-1","/chamber-1/constituency-9",9,1,9,"House of Commons","Quebec"
"10","Algoma—Manitoulin—Kapuskasing","/chamber-1/observation-10","/chamber-1","/chamber-1/constituency-10",10,1,10,"House of Commons","Ontario"
"11","Ancaster—Dundas—Flamborough—Westdale","/chamber-1/observation-11","/chamber-1","/chamber-1/constituency-11",11,1,11,"House of Commons","Ontario"
"12","Argenteuil—La Petite-Nation","/chamber-1/observation-12","/chamber-1","/chamber-1/constituency-12",12,1,12,"House of Commons","Quebec"
"13","Argenteuil—Papineau—Mirabel","/chamber-1/observation-13","/chamber-1","/chamber-1/constituency-13",13,1,13,"House of Commons","Quebec"
"14","Aurora—Oak Ridges—Richmond Hill","/chamber-1/observation-14","/chamber-1","/chamber-1/constituency-14",14,1,14,"House of Commons","Ontario"
"15","Avalon","/chamber-1/observation-15","/chamber-1","/chamber-1/constituency-15",15,1,15,"House of Commons","Newfoundland and Labrador"
"16","Avignon—La Mitis—Matane—Matapédia","/chamber-1/observation-16","/chamber-1","/chamber-1/constituency-16",16,1,16,"House of Commons","Quebec"
"17","Banff—Airdrie","/chamber-1/observation-17","/chamber-1","/chamber-1/constituency-17",17,1,17,"House of Commons","Alberta"
"18","Barrie","/chamber-1/observation-18","/chamber-1","/chamber-1/constituency-18",18,1,18,"House of Commons","Ontario"
"19","Barrie—Innisfil","/chamber-1/observation-19","/chamber-1","/chamber-1/constituency-19",19,1,19,"House of Commons","Ontario"
"20","Barrie—Springwater—Oro-Medonte","/chamber-1/observation-20","/chamber-1","/chamber-1/constituency-20",20,1,20,"House of Commons","Ontario"
"21","Bas-Richelieu—Nicolet—Bécancour","/chamber-1/observation-21","/chamber-1","/chamber-1/constituency-21",21,1,21,"House of Commons","Quebec"
"22","Battle River—Crowfoot","/chamber-1/observation-22","/chamber-1","/chamber-1/constituency-22",22,1,22,"House of Commons","Alberta"
"23","Battlefords—Lloydminster","/chamber-1/observation-23","/chamber-1","/chamber-1/constituency-23",23,1,23,"House of Commons","Saskatchewan"
"24","Bay of Quinte","/chamber-1/observation-24","/chamber-1","/chamber-1/constituency-24",24,1,24,"House of Commons","Ontario"
"25","Beaches—East York","/chamber-1/observation-25","/chamber-1","/chamber-1/constituency-25",25,1,25,"House of Commons","Ontario"
"26","Beauce","/chamber-1/observation-26","/chamber-1","/chamber-1/constituency-26",26,1,26,"House of Commons","Quebec"
"27","Beauharnois—Salaberry","/chamber-1/observation-27","/chamber-1","/chamber-1/constituency-27",27,1,27,"House of Commons","Quebec"
"28","Beauport—Côte-de-Beaupré—Île d'Orléans—Charlevoix","/chamber-1/observation-28","/chamber-1","/chamber-1/constituency-28",28,1,28,"House of Commons","Quebec"
"29","Beauport—Limoilou","/chamber-1/observation-29","/chamber-1","/chamber-1/constituency-29",29,1,29,"House of Commons","Quebec"
"30","Beauséjour","/chamber-1/observation-30","/chamber-1","/chamber-1/constituency-30",30,1,30,"House of Commons","New Brunswick"
"31","Bécancour—Nicolet—Saurel","/chamber-1/observation-31","/chamber-1","/chamber-1/constituency-31",31,1,31,"House of Commons","Quebec"
"32","Bellechasse—Les Etchemins—Lévis","/chamber-1/observation-32","/chamber-1","/chamber-1/constituency-32",32,1,32,"House of Commons","Quebec"
"33","Beloeil—Chambly","/chamber-1/observation-33","/chamber-1","/chamber-1/constituency-33",33,1,33,"House of Commons","Quebec"
"34","Berthier—Maskinongé","/chamber-1/observation-34","/chamber-1","/chamber-1/constituency-34",34,1,34,"House of Commons","Quebec"
"35","Blackstrap","/chamber-1/observation-35","/chamber-1","/chamber-1/constituency-35",35,1,35,"House of Commons","Saskatchewan"
"36","Bonavista—Burin—Trinity","/chamber-1/observation-36","/chamber-1","/chamber-1/constituency-36",36,1,36,"House of Commons","Newfoundland and Labrador"
"37","Bonavista—Gander—Grand Falls—Windsor","/chamber-1/observation-37","/chamber-1","/chamber-1/constituency-37",37,1,37,"House of Commons","Newfoundland and Labrador"
"38","Bourassa","/chamber-1/observation-38","/chamber-1","/chamber-1/constituency-38",38,1,38,"House of Commons","Quebec"
"39","Bow River","/chamber-1/observation-39","/chamber-1","/chamber-1/constituency-39",39,1,39,"House of Commons","Alberta"
"40","Bramalea—Gore—Malton","/chamber-1/observation-40","/chamber-1","/chamber-1/constituency-40",40,1,40,"House of Commons","Ontario"
"41","Brampton Centre","/chamber-1/observation-41","/chamber-1","/chamber-1/constituency-41",41,1,41,"House of Commons","Ontario"
"42","Brampton East","/chamber-1/observation-42","/chamber-1","/chamber-1/constituency-42",42,1,42,"House of Commons","Ontario"
"43","Brampton North","/chamber-1/observation-43","/chamber-1","/chamber-1/constituency-43",43,1,43,"House of Commons","Ontario"
"44","Brampton South","/chamber-1/observation-44","/chamber-1","/chamber-1/constituency-44",44,1,44,"House of Commons","Ontario"
"45","Brampton West","/chamber-1/observation-45","/chamber-1","/chamber-1/constituency-45",45,1,45,"House of Commons","Ontario"
"46","Brampton—Springdale","/chamber-1/observation-46","/chamber-1","/chamber-1/constituency-46",46,1,46,"House of Commons","Ontario"
"47","Brandon—Souris","/chamber-1/observation-47","/chamber-1","/chamber-1/constituency-47",47,1,47,"House of Commons","Manitoba"
"48","Brant","/chamber-1/observation-48","/chamber-1","/chamber-1/constituency-48",48,1,48,"House of Commons","Ontario"
"49","Brantford—Brant","/chamber-1/observation-49","/chamber-1","/chamber-1/constituency-49",49,1,49,"House of Commons","Ontario"
"50","British Columbia Southern Interior","/chamber-1/observation-50","/chamber-1","/chamber-1/constituency-50",50,1,50,"House of Commons","British Columbia"
"51","Brome—Missisquoi","/chamber-1/observation-51","/chamber-1","/chamber-1/constituency-51",51,1,51,"House of Commons","Quebec"
"52","Brossard—La Prairie","/chamber-1/observation-52","/chamber-1","/chamber-1/constituency-52",52,1,52,"House of Commons","Quebec"
"53","Brossard—Saint-Lambert","/chamber-1/observation-53","/chamber-1","/chamber-1/constituency-53",53,1,53,"House of Commons","Quebec"
"54","Bruce—Grey—Owen Sound","/chamber-1/observation-54","/chamber-1","/chamber-1/constituency-54",54,1,54,"House of Commons","Ontario"
"55","Burlington","/chamber-1/observation-55","/chamber-1","/chamber-1/constituency-55",55,1,55,"House of Commons","Ontario"
"56","Burnaby North—Seymour","/chamber-1/observation-56","/chamber-1","/chamber-1/constituency-56",56,1,56,"House of Commons","British Columbia"
"57","Burnaby South","/chamber-1/observation-57","/chamber-1","/chamber-1/constituency-57",57,1,57,"House of Commons","British Columbia"
"58","Burnaby—Douglas","/chamber-1/observation-58","/chamber-1","/chamber-1/constituency-58",58,1,58,"House of Commons","British Columbia"
"59","Burnaby—New Westminster","/chamber-1/observation-59","/chamber-1","/chamber-1/constituency-59",59,1,59,"House of Commons","British Columbia"
"60","Calgary Centre","/chamber-1/observation-60","/chamber-1","/chamber-1/constituency-60",60,1,60,"House of Commons","Alberta"
"61","Calgary Centre-North","/chamber-1/observation-61","/chamber-1","/chamber-1/constituency-61",61,1,61,"House of Commons","Alberta"
"62","Calgary Confederation","/chamber-1/observation-62","/chamber-1","/chamber-1/constituency-62",62,1,62,"House of Commons","Alberta"
"63","Calgary East","/chamber-1/observation-63","/chamber-1","/chamber-1/constituency-63",63,1,63,"House of Commons","Alberta"
"64","Calgary Forest Lawn","/chamber-1/observation-64","/chamber-1","/chamber-1/constituency-64",64,1,64,"House of Commons","Alberta"
"65","Calgary Heritage","/chamber-1/observation-65","/chamber-1","/chamber-1/constituency-65",65,1,65,"House of Commons","Alberta"
"66","Calgary Midnapore","/chamber-1/observation-66","/chamber-1","/chamber-1/constituency-66",66,1,66,"House of Commons","Alberta"
"67","Calgary Northeast","/chamber-1/observation-67","/chamber-1","/chamber-1/constituency-67",67,1,67,"House of Commons","Alberta"
"68","Calgary Nose Hill","/chamber-1/observation-68","/chamber-1","/chamber-1/constituency-68",68,1,68,"House of Commons","Alberta"
"69","Calgary Rocky Ridge","/chamber-1/observation-69","/chamber-1","/chamber-1/constituency-69",69,1,69,"House of Commons","Alberta"
"70","Calgary Shepard","/chamber-1/observation-70","/chamber-1","/chamber-1/constituency-70",70,1,70,"House of Commons","Alberta"
"71","Calgary Signal Hill","/chamber-1/observation-71","/chamber-1","/chamber-1/constituency-71",71,1,71,"House of Commons","Alberta"
"72","Calgary Skyview","/chamber-1/observation-72","/chamber-1","/chamber-1/constituency-72",72,1,72,"House of Commons","Alberta"
"73","Calgary Southeast","/chamber-1/observation-73","/chamber-1","/chamber-1/constituency-73",73,1,73,"House of Commons","Alberta"
"74","Calgary Southwest","/chamber-1/observation-74","/chamber-1","/chamber-1/constituency-74",74,1,74,"House of Commons","Alberta"
"75","Calgary West","/chamber-1/observation-75","/chamber-1","/chamber-1/constituency-75",75,1,75,"House of Commons","Alberta"
"76","Calgary—Nose Hill","/chamber-1/observation-76","/chamber-1","/chamber-1/constituency-76",76,1,76,"House of Commons","Alberta"
"77","Cambridge","/chamber-1/observation-77","/chamber-1","/chamber-1/constituency-77",77,1,77,"House of Commons","Ontario"
"78","Cape Breton—Canso","/chamber-1/observation-78","/chamber-1","/chamber-1/constituency-78",78,1,78,"House of Commons","Nova Scotia"
"79","Cardigan","/chamber-1/observation-79","/chamber-1","/chamber-1/constituency-79",79,1,79,"House of Commons","Prince Edward Island"
"80","Cariboo—Prince George","/chamber-1/observation-80","/chamber-1","/chamber-1/constituency-80",80,1,80,"House of Commons","British Columbia"
"81","Carleton","/chamber-1/observation-81","/chamber-1","/chamber-1/constituency-81",81,1,81,"House of Commons","Ontario"
"82","Carleton—Mississippi Mills","/chamber-1/observation-82","/chamber-1","/chamber-1/constituency-82",82,1,82,"House of Commons","Ontario"
"83","Carlton Trail—Eagle Creek","/chamber-1/observation-83","/chamber-1","/chamber-1/constituency-83",83,1,83,"House of Commons","Saskatchewan"
"84","Central Nova","/chamber-1/observation-84","/chamber-1","/chamber-1/constituency-84",84,1,84,"House of Commons","Nova Scotia"
"85","Central Okanagan—Similkameen—Nicola","/chamber-1/observation-85","/chamber-1","/chamber-1/constituency-85",85,1,85,"House of Commons","British Columbia"
"86","Chambly—Borduas","/chamber-1/observation-86","/chamber-1","/chamber-1/constituency-86",86,1,86,"House of Commons","Quebec"
"87","Charlesbourg—Haute-Saint-Charles","/chamber-1/observation-87","/chamber-1","/chamber-1/constituency-87",87,1,87,"House of Commons","Quebec"
"88","Charleswood—St. James—Assiniboia","/chamber-1/observation-88","/chamber-1","/chamber-1/constituency-88",88,1,88,"House of Commons","Manitoba"
"89","Charleswood—St. James—Assiniboia—Headingley","/chamber-1/observation-89","/chamber-1","/chamber-1/constituency-89",89,1,89,"House of Commons","Manitoba"
"90","Charlottetown","/chamber-1/observation-90","/chamber-1","/chamber-1/constituency-90",90,1,90,"House of Commons","Prince Edward Island"
"91","Châteauguay—Lacolle","/chamber-1/observation-91","/chamber-1","/chamber-1/constituency-91",91,1,91,"House of Commons","Quebec"
"92","Châteauguay—Saint-Constant","/chamber-1/observation-92","/chamber-1","/chamber-1/constituency-92",92,1,92,"House of Commons","Quebec"
"93","Chatham-Kent—Essex","/chamber-1/observation-93","/chamber-1","/chamber-1/constituency-93",93,1,93,"House of Commons","Ontario"
"94","Chatham-Kent—Leamington","/chamber-1/observation-94","/chamber-1","/chamber-1/constituency-94",94,1,94,"House of Commons","Ontario"
"95","Chicoutimi—Le Fjord","/chamber-1/observation-95","/chamber-1","/chamber-1/constituency-95",95,1,95,"House of Commons","Quebec"
"96","Chilliwack—Fraser Canyon","/chamber-1/observation-96","/chamber-1","/chamber-1/constituency-96",96,1,96,"House of Commons","British Columbia"
"97","Chilliwack—Hope","/chamber-1/observation-97","/chamber-1","/chamber-1/constituency-97",97,1,97,"House of Commons","British Columbia"
"98","Churchill","/chamber-1/observation-98","/chamber-1","/chamber-1/constituency-98",98,1,98,"House of Commons","Manitoba"
"99","Churchill—Keewatinook Aski","/chamber-1/observation-99","/chamber-1","/chamber-1/constituency-99",99,1,99,"House of Commons","Manitoba"
"100","Cloverdale—Langley City","/chamber-1/observation-100","/chamber-1","/chamber-1/constituency-100",100,1,100,"House of Commons","British Columbia"
"101","Coast of Bays—Central—Notre Dame","/chamber-1/observation-101","/chamber-1","/chamber-1/constituency-101",101,1,101,"House of Commons","Newfoundland and Labrador"
"102","Compton—Stanstead","/chamber-1/observation-102","/chamber-1","/chamber-1/constituency-102",102,1,102,"House of Commons","Quebec"
"103","Coquitlam—Port Coquitlam","/chamber-1/observation-103","/chamber-1","/chamber-1/constituency-103",103,1,103,"House of Commons","British Columbia"
"104","Courtenay—Alberni","/chamber-1/observation-104","/chamber-1","/chamber-1/constituency-104",104,1,104,"House of Commons","British Columbia"
"105","Cowichan—Malahat—Langford","/chamber-1/observation-105","/chamber-1","/chamber-1/constituency-105",105,1,105,"House of Commons","British Columbia"
"106","Crowfoot","/chamber-1/observation-106","/chamber-1","/chamber-1/constituency-106",106,1,106,"House of Commons","Alberta"
"107","Cumberland—Colchester","/chamber-1/observation-107","/chamber-1","/chamber-1/constituency-107",107,1,107,"House of Commons","Nova Scotia"
"108","Cumberland—Colchester—Musquodoboit Valley","/chamber-1/observation-108","/chamber-1","/chamber-1/constituency-108",108,1,108,"House of Commons","Nova Scotia"
"109","Cypress Hills—Grasslands","/chamber-1/observation-109","/chamber-1","/chamber-1/constituency-109",109,1,109,"House of Commons","Saskatchewan"
"110","Dartmouth—Cole Harbour","/chamber-1/observation-110","/chamber-1","/chamber-1/constituency-110",110,1,110,"House of Commons","Nova Scotia"
"111","Dauphin—Swan River—Marquette","/chamber-1/observation-111","/chamber-1","/chamber-1/constituency-111",111,1,111,"House of Commons","Manitoba"
"112","Dauphin—Swan River—Neepawa","/chamber-1/observation-112","/chamber-1","/chamber-1/constituency-112",112,1,112,"House of Commons","Manitoba"
"113","Davenport","/chamber-1/observation-113","/chamber-1","/chamber-1/constituency-113",113,1,113,"House of Commons","Ontario"
"114","Delta","/chamber-1/observation-114","/chamber-1","/chamber-1/constituency-114",114,1,114,"House of Commons","British Columbia"
"115","Delta—Richmond East","/chamber-1/observation-115","/chamber-1","/chamber-1/constituency-115",115,1,115,"House of Commons","British Columbia"
"116","Desnethé—Missinippi—Churchill River","/chamber-1/observation-116","/chamber-1","/chamber-1/constituency-116",116,1,116,"House of Commons","Saskatchewan"
"117","Don Valley East","/chamber-1/observation-117","/chamber-1","/chamber-1/constituency-117",117,1,117,"House of Commons","Ontario"
"118","Don Valley North","/chamber-1/observation-118","/chamber-1","/chamber-1/constituency-118",118,1,118,"House of Commons","Ontario"
"119","Don Valley West","/chamber-1/observation-119","/chamber-1","/chamber-1/constituency-119",119,1,119,"House of Commons","Ontario"
"120","Dorval—Lachine—LaSalle","/chamber-1/observation-120","/chamber-1","/chamber-1/constituency-120",120,1,120,"House of Commons","Quebec"
"121","Drummond","/chamber-1/observation-121","/chamber-1","/chamber-1/constituency-121",121,1,121,"House of Commons","Quebec"
"122","Dufferin—Caledon","/chamber-1/observation-122","/chamber-1","/chamber-1/constituency-122",122,1,122,"House of Commons","Ontario"
"123","Durham","/chamber-1/observation-123","/chamber-1","/chamber-1/constituency-123",123,1,123,"House of Commons","Ontario"
"124","Edmonton Centre","/chamber-1/observation-124","/chamber-1","/chamber-1/constituency-124",124,1,124,"House of Commons","Alberta"
"125","Edmonton East","/chamber-1/observation-125","/chamber-1","/chamber-1/constituency-125",125,1,125,"House of Commons","Alberta"
"126","Edmonton Griesbach","/chamber-1/observation-126","/chamber-1","/chamber-1/constituency-126",126,1,126,"House of Commons","Alberta"
"127","Edmonton Manning","/chamber-1/observation-127","/chamber-1","/chamber-1/constituency-127",127,1,127,"House of Commons","Alberta"
"128","Edmonton Mill Woods","/chamber-1/observation-128","/chamber-1","/chamber-1/constituency-128",128,1,128,"House of Commons","Alberta"
"129","Edmonton Riverbend","/chamber-1/observation-129","/chamber-1","/chamber-1/constituency-129",129,1,129,"House of Commons","Alberta"
"130","Edmonton Strathcona","/chamber-1/observation-130","/chamber-1","/chamber-1/constituency-130",130,1,130,"House of Commons","Alberta"
"131","Edmonton West","/chamber-1/observation-131","/chamber-1","/chamber-1/constituency-131",131,1,131,"House of Commons","Alberta"
"132","Edmonton—Leduc","/chamber-1/observation-132","/chamber-1","/chamber-1/constituency-132",132,1,132,"House of Commons","Alberta"
"133","Edmonton—Mill Woods—Beaumont","/chamber-1/observation-133","/chamber-1","/chamber-1/constituency-133",133,1,133,"House of Commons","Alberta"
"134","Edmonton—Sherwood Park","/chamber-1/observation-134","/chamber-1","/chamber-1/constituency-134",134,1,134,"House of Commons","Alberta"
"135","Edmonton—Spruce Grove","/chamber-1/observation-135","/chamber-1","/chamber-1/constituency-135",135,1,135,"House of Commons","Alberta"
"136","Edmonton—St. Albert","/chamber-1/observation-136","/chamber-1","/chamber-1/constituency-136",136,1,136,"House of Commons","Alberta"
"137","Edmonton—Strathcona","/chamber-1/observation-137","/chamber-1","/chamber-1/constituency-137",137,1,137,"House of Commons","Alberta"
"138","Edmonton—Wetaskiwin","/chamber-1/observation-138","/chamber-1","/chamber-1/constituency-138",138,1,138,"House of Commons","Alberta"
"139","Eglinton—Lawrence","/chamber-1/observation-139","/chamber-1","/chamber-1/constituency-139",139,1,139,"House of Commons","Ontario"
"140","Egmont","/chamber-1/observation-140","/chamber-1","/chamber-1/constituency-140",140,1,140,"House of Commons","Prince Edward Island"
"141","Elgin—Middlesex—London","/chamber-1/observation-141","/chamber-1","/chamber-1/constituency-141",141,1,141,"House of Commons","Ontario"
"142","Elmwood—Transcona","/chamber-1/observation-142","/chamber-1","/chamber-1/constituency-142",142,1,142,"House of Commons","Manitoba"
"143","Esquimalt—Juan de Fuca","/chamber-1/observation-143","/chamber-1","/chamber-1/constituency-143",143,1,143,"House of Commons","British Columbia"
"144","Esquimalt—Saanich—Sooke","/chamber-1/observation-144","/chamber-1","/chamber-1/constituency-144",144,1,144,"House of Commons","British Columbia"
"145","Essex","/chamber-1/observation-145","/chamber-1","/chamber-1/constituency-145",145,1,145,"House of Commons","Ontario"
"146","Etobicoke Centre","/chamber-1/observation-146","/chamber-1","/chamber-1/constituency-146",146,1,146,"House of Commons","Ontario"
"147","Etobicoke North","/chamber-1/observation-147","/chamber-1","/chamber-1/constituency-147",147,1,147,"House of Commons","Ontario"
"148","Etobicoke—Lakeshore","/chamber-1/observation-148","/chamber-1","/chamber-1/constituency-148",148,1,148,"House of Commons","Ontario"
"149","Flamborough—Glanbrook","/chamber-1/observation-149","/chamber-1","/chamber-1/constituency-149",149,1,149,"House of Commons","Ontario"
"150","Fleetwood—Port Kells","/chamber-1/observation-150","/chamber-1","/chamber-1/constituency-150",150,1,150,"House of Commons","British Columbia"
"151","Foothills","/chamber-1/observation-151","/chamber-1","/chamber-1/constituency-151",151,1,151,"House of Commons","Alberta"
"152","Fort McMurray—Athabasca","/chamber-1/observation-152","/chamber-1","/chamber-1/constituency-152",152,1,152,"House of Commons","Alberta"
"153","Fort McMurray—Cold Lake","/chamber-1/observation-153","/chamber-1","/chamber-1/constituency-153",153,1,153,"House of Commons","Alberta"
"154","Fredericton","/chamber-1/observation-154","/chamber-1","/chamber-1/constituency-154",154,1,154,"House of Commons","New Brunswick"
"155","Fundy Royal","/chamber-1/observation-155","/chamber-1","/chamber-1/constituency-155",155,1,155,"House of Commons","New Brunswick"
"156","Gaspésie—Îles-de-la-Madeleine","/chamber-1/observation-156","/chamber-1","/chamber-1/constituency-156",156,1,156,"House of Commons","Quebec"
"157","Gaspésie—Les Îles-de-la-Madeleine","/chamber-1/observation-157","/chamber-1","/chamber-1/constituency-157",157,1,157,"House of Commons","Quebec"
"158","Gatineau","/chamber-1/observation-158","/chamber-1","/chamber-1/constituency-158",158,1,158,"House of Commons","Quebec"
"159","Glengarry—Prescott—Russell","/chamber-1/observation-159","/chamber-1","/chamber-1/constituency-159",159,1,159,"House of Commons","Ontario"
"160","Grande Prairie—Mackenzie","/chamber-1/observation-160","/chamber-1","/chamber-1/constituency-160",160,1,160,"House of Commons","Alberta"
"161","Guelph","/chamber-1/observation-161","/chamber-1","/chamber-1/constituency-161",161,1,161,"House of Commons","Ontario"
"162","Haldimand—Norfolk","/chamber-1/observation-162","/chamber-1","/chamber-1/constituency-162",162,1,162,"House of Commons","Ontario"
"163","Haliburton—Kawartha Lakes—Brock","/chamber-1/observation-163","/chamber-1","/chamber-1/constituency-163",163,1,163,"House of Commons","Ontario"
"164","Halifax","/chamber-1/observation-164","/chamber-1","/chamber-1/constituency-164",164,1,164,"House of Commons","Nova Scotia"
"165","Halifax West","/chamber-1/observation-165","/chamber-1","/chamber-1/constituency-165",165,1,165,"House of Commons","Nova Scotia"
"166","Halton","/chamber-1/observation-166","/chamber-1","/chamber-1/constituency-166",166,1,166,"House of Commons","Ontario"
"167","Hamilton Centre","/chamber-1/observation-167","/chamber-1","/chamber-1/constituency-167",167,1,167,"House of Commons","Ontario"
"168","Hamilton East—Stoney Creek","/chamber-1/observation-168","/chamber-1","/chamber-1/constituency-168",168,1,168,"House of Commons","Ontario"
"169","Hamilton Mountain","/chamber-1/observation-169","/chamber-1","/chamber-1/constituency-169",169,1,169,"House of Commons","Ontario"
"170","Hamilton West—Ancaster—Dundas","/chamber-1/observation-170","/chamber-1","/chamber-1/constituency-170",170,1,170,"House of Commons","Ontario"
"171","Hastings—Lennox and Addington","/chamber-1/observation-171","/chamber-1","/chamber-1/constituency-171",171,1,171,"House of Commons","Ontario"
"172","Haute-Gaspésie—La Mitis—Matane—Matapédia","/chamber-1/observation-172","/chamber-1","/chamber-1/constituency-172",172,1,172,"House of Commons","Quebec"
"173","Hochelaga","/chamber-1/observation-173","/chamber-1","/chamber-1/constituency-173",173,1,173,"House of Commons","Quebec"
"174","Honoré-Mercier","/chamber-1/observation-174","/chamber-1","/chamber-1/constituency-174",174,1,174,"House of Commons","Quebec"
"175","Hull—Aylmer","/chamber-1/observation-175","/chamber-1","/chamber-1/constituency-175",175,1,175,"House of Commons","Quebec"
"176","Humber River—Black Creek","/chamber-1/observation-176","/chamber-1","/chamber-1/constituency-176",176,1,176,"House of Commons","Ontario"
"177","Humber—St. Barbe—Baie Verte","/chamber-1/observation-177","/chamber-1","/chamber-1/constituency-177",177,1,177,"House of Commons","Newfoundland and Labrador"
"178","Huron—Bruce","/chamber-1/observation-178","/chamber-1","/chamber-1/constituency-178",178,1,178,"House of Commons","Ontario"
"179","Jeanne-Le Ber","/chamber-1/observation-179","/chamber-1","/chamber-1/constituency-179",179,1,179,"House of Commons","Quebec"
"180","Joliette","/chamber-1/observation-180","/chamber-1","/chamber-1/constituency-180",180,1,180,"House of Commons","Quebec"
"181","Jonquière","/chamber-1/observation-181","/chamber-1","/chamber-1/constituency-181",181,1,181,"House of Commons","Quebec"
"182","Jonquière—Alma","/chamber-1/observation-182","/chamber-1","/chamber-1/constituency-182",182,1,182,"House of Commons","Quebec"
"183","Kamloops—Thompson—Cariboo","/chamber-1/observation-183","/chamber-1","/chamber-1/constituency-183",183,1,183,"House of Commons","British Columbia"
"184","Kanata—Carleton","/chamber-1/observation-184","/chamber-1","/chamber-1/constituency-184",184,1,184,"House of Commons","Ontario"
"185","Kelowna—Lake Country","/chamber-1/observation-185","/chamber-1","/chamber-1/constituency-185",185,1,185,"House of Commons","British Columbia"
"186","Kenora","/chamber-1/observation-186","/chamber-1","/chamber-1/constituency-186",186,1,186,"House of Commons","Ontario"
"187","Kildonan—St. Paul","/chamber-1/observation-187","/chamber-1","/chamber-1/constituency-187",187,1,187,"House of Commons","Manitoba"
"188","King—Vaughan","/chamber-1/observation-188","/chamber-1","/chamber-1/constituency-188",188,1,188,"House of Commons","Ontario"
"189","Kings—Hants","/chamber-1/observation-189","/chamber-1","/chamber-1/constituency-189",189,1,189,"House of Commons","Nova Scotia"
"190","Kingston and the Islands","/chamber-1/observation-190","/chamber-1","/chamber-1/constituency-190",190,1,190,"House of Commons","Ontario"
"191","Kitchener Centre","/chamber-1/observation-191","/chamber-1","/chamber-1/constituency-191",191,1,191,"House of Commons","Ontario"
"192","Kitchener South—Hespeler","/chamber-1/observation-192","/chamber-1","/chamber-1/constituency-192",192,1,192,"House of Commons","Ontario"
"193","Kitchener—Conestoga","/chamber-1/observation-193","/chamber-1","/chamber-1/constituency-193",193,1,193,"House of Commons","Ontario"
"194","Kitchener—Waterloo","/chamber-1/observation-194","/chamber-1","/chamber-1/constituency-194",194,1,194,"House of Commons","Ontario"
"195","Kootenay—Columbia","/chamber-1/observation-195","/chamber-1","/chamber-1/constituency-195",195,1,195,"House of Commons","British Columbia"
"196","La Pointe-de-l'Île","/chamber-1/observation-196","/chamber-1","/chamber-1/constituency-196",196,1,196,"House of Commons","Quebec"
"197","La Prairie","/chamber-1/observation-197","/chamber-1","/chamber-1/constituency-197",197,1,197,"House of Commons","Quebec"
"198","Labrador","/chamber-1/observation-198","/chamber-1","/chamber-1/constituency-198",198,1,198,"House of Commons","Newfoundland and Labrador"
"199","Lac-Saint-Jean","/chamber-1/observation-199","/chamber-1","/chamber-1/constituency-199",199,1,199,"House of Commons","Quebec"
"200","Lac-Saint-Louis","/chamber-1/observation-200","/chamber-1","/chamber-1/constituency-200",200,1,200,"House of Commons","Quebec"
"201","Lakeland","/chamber-1/observation-201","/chamber-1","/chamber-1/constituency-201",201,1,201,"House of Commons","Alberta"
"202","Lambton—Kent—Middlesex","/chamber-1/observation-202","/chamber-1","/chamber-1/constituency-202",202,1,202,"House of Commons","Ontario"
"203","Lanark—Frontenac—Kingston","/chamber-1/observation-203","/chamber-1","/chamber-1/constituency-203",203,1,203,"House of Commons","Ontario"
"204","Lanark—Frontenac—Lennox and Addington","/chamber-1/observation-204","/chamber-1","/chamber-1/constituency-204",204,1,204,"House of Commons","Ontario"
"205","Langley","/chamber-1/observation-205","/chamber-1","/chamber-1/constituency-205",205,1,205,"House of Commons","British Columbia"
"206","Langley—Aldergrove","/chamber-1/observation-206","/chamber-1","/chamber-1/constituency-206",206,1,206,"House of Commons","British Columbia"
"207","LaSalle—Émard","/chamber-1/observation-207","/chamber-1","/chamber-1/constituency-207",207,1,207,"House of Commons","Quebec"
"208","LaSalle—Émard—Verdun","/chamber-1/observation-208","/chamber-1","/chamber-1/constituency-208",208,1,208,"House of Commons","Quebec"
"209","Laurentides—Labelle","/chamber-1/observation-209","/chamber-1","/chamber-1/constituency-209",209,1,209,"House of Commons","Quebec"
"210","Laurier—Sainte-Marie","/chamber-1/observation-210","/chamber-1","/chamber-1/constituency-210",210,1,210,"House of Commons","Quebec"
"211","Laval","/chamber-1/observation-211","/chamber-1","/chamber-1/constituency-211",211,1,211,"House of Commons","Quebec"
"212","Laval—Les Îles","/chamber-1/observation-212","/chamber-1","/chamber-1/constituency-212",212,1,212,"House of Commons","Quebec"
"213","Leeds—Grenville","/chamber-1/observation-213","/chamber-1","/chamber-1/constituency-213",213,1,213,"House of Commons","Ontario"
"214","Leeds—Grenville—Thousand Islands and Rideau Lakes","/chamber-1/observation-214","/chamber-1","/chamber-1/constituency-214",214,1,214,"House of Commons","Ontario"
"215","Lethbridge","/chamber-1/observation-215","/chamber-1","/chamber-1/constituency-215",215,1,215,"House of Commons","Alberta"
"216","Lévis—Bellechasse","/chamber-1/observation-216","/chamber-1","/chamber-1/constituency-216",216,1,216,"House of Commons","Quebec"
"217","Lévis—Lotbinière","/chamber-1/observation-217","/chamber-1","/chamber-1/constituency-217",217,1,217,"House of Commons","Quebec"
"218","London North Centre","/chamber-1/observation-218","/chamber-1","/chamber-1/constituency-218",218,1,218,"House of Commons","Ontario"
"219","London West","/chamber-1/observation-219","/chamber-1","/chamber-1/constituency-219",219,1,219,"House of Commons","Ontario"
"220","London—Fanshawe","/chamber-1/observation-220","/chamber-1","/chamber-1/constituency-220",220,1,220,"House of Commons","Ontario"
"221","Long Range Mountains","/chamber-1/observation-221","/chamber-1","/chamber-1/constituency-221",221,1,221,"House of Commons","Newfoundland and Labrador"
"222","Longueuil—Charles-LeMoyne","/chamber-1/observation-222","/chamber-1","/chamber-1/constituency-222",222,1,222,"House of Commons","Quebec"
"223","Longueuil—Pierre-Boucher","/chamber-1/observation-223","/chamber-1","/chamber-1/constituency-223",223,1,223,"House of Commons","Quebec"
"224","Longueuil—Saint-Hubert","/chamber-1/observation-224","/chamber-1","/chamber-1/constituency-224",224,1,224,"House of Commons","Quebec"
"225","Lotbinière—Chutes-de-la-Chaudière","/chamber-1/observation-225","/chamber-1","/chamber-1/constituency-225",225,1,225,"House of Commons","Quebec"
"226","Louis-Hébert","/chamber-1/observation-226","/chamber-1","/chamber-1/constituency-226",226,1,226,"House of Commons","Quebec"
"227","Louis-Saint-Laurent","/chamber-1/observation-227","/chamber-1","/chamber-1/constituency-227",227,1,227,"House of Commons","Quebec"
"228","Macleod","/chamber-1/observation-228","/chamber-1","/chamber-1/constituency-228",228,1,228,"House of Commons","Alberta"
"229","Madawaska—Restigouche","/chamber-1/observation-229","/chamber-1","/chamber-1/constituency-229",229,1,229,"House of Commons","New Brunswick"
"230","Malpeque","/chamber-1/observation-230","/chamber-1","/chamber-1/constituency-230",230,1,230,"House of Commons","Prince Edward Island"
"231","Manicouagan","/chamber-1/observation-231","/chamber-1","/chamber-1/constituency-231",231,1,231,"House of Commons","Quebec"
"232","Marc-Aurèle-Fortin","/chamber-1/observation-232","/chamber-1","/chamber-1/constituency-232",232,1,232,"House of Commons","Quebec"
"233","Markham—Stouffville","/chamber-1/observation-233","/chamber-1","/chamber-1/constituency-233",233,1,233,"House of Commons","Ontario"
"234","Markham—Thornhill","/chamber-1/observation-234","/chamber-1","/chamber-1/constituency-234",234,1,234,"House of Commons","Ontario"
"235","Markham—Unionville","/chamber-1/observation-235","/chamber-1","/chamber-1/constituency-235",235,1,235,"House of Commons","Ontario"
"236","Medicine Hat","/chamber-1/observation-236","/chamber-1","/chamber-1/constituency-236",236,1,236,"House of Commons","Alberta"
"237","Medicine Hat—Cardston—Warner","/chamber-1/observation-237","/chamber-1","/chamber-1/constituency-237",237,1,237,"House of Commons","Alberta"
"238","Mégantic—L'Érable","/chamber-1/observation-238","/chamber-1","/chamber-1/constituency-238",238,1,238,"House of Commons","Quebec"
"239","Milton","/chamber-1/observation-239","/chamber-1","/chamber-1/constituency-239",239,1,239,"House of Commons","Ontario"
"240","Mirabel","/chamber-1/observation-240","/chamber-1","/chamber-1/constituency-240",240,1,240,"House of Commons","Quebec"
"241","Miramichi","/chamber-1/observation-241","/chamber-1","/chamber-1/constituency-241",241,1,241,"House of Commons","New Brunswick"
"242","Miramichi—Grand Lake","/chamber-1/observation-242","/chamber-1","/chamber-1/constituency-242",242,1,242,"House of Commons","New Brunswick"
"243","Mission—Matsqui—Fraser Canyon","/chamber-1/observation-243","/chamber-1","/chamber-1/constituency-243",243,1,243,"House of Commons","British Columbia"
"244","Mississauga Centre","/chamber-1/observation-244","/chamber-1","/chamber-1/constituency-244",244,1,244,"House of Commons","Ontario"
"245","Mississauga East—Cooksville","/chamber-1/observation-245","/chamber-1","/chamber-1/constituency-245",245,1,245,"House of Commons","Ontario"
"246","Mississauga South","/chamber-1/observation-246","/chamber-1","/chamber-1/constituency-246",246,1,246,"House of Commons","Ontario"
"247","Mississauga—Brampton South","/chamber-1/observation-247","/chamber-1","/chamber-1/constituency-247",247,1,247,"House of Commons","Ontario"
"248","Mississauga—Erin Mills","/chamber-1/observation-248","/chamber-1","/chamber-1/constituency-248",248,1,248,"House of Commons","Ontario"
"249","Mississauga—Erindale","/chamber-1/observation-249","/chamber-1","/chamber-1/constituency-249",249,1,249,"House of Commons","Ontario"
"250","Mississauga—Lakeshore","/chamber-1/observation-250","/chamber-1","/chamber-1/constituency-250",250,1,250,"House of Commons","Ontario"
"251","Mississauga—Malton","/chamber-1/observation-251","/chamber-1","/chamber-1/constituency-251",251,1,251,"House of Commons","Ontario"
"252","Mississauga—Streetsville","/chamber-1/observation-252","/chamber-1","/chamber-1/constituency-252",252,1,252,"House of Commons","Ontario"
"253","Moncton—Riverview—Dieppe","/chamber-1/observation-253","/chamber-1","/chamber-1/constituency-253",253,1,253,"House of Commons","New Brunswick"
"254","Montarville","/chamber-1/observation-254","/chamber-1","/chamber-1/constituency-254",254,1,254,"House of Commons","Quebec"
"255","Montcalm","/chamber-1/observation-255","/chamber-1","/chamber-1/constituency-255",255,1,255,"House of Commons","Quebec"
"256","Montmagny—L'Islet—Kamouraska—Rivière-du-Loup","/chamber-1/observation-256","/chamber-1","/chamber-1/constituency-256",256,1,256,"House of Commons","Quebec"
"257","Montmorency—Charlevoix—Haute-Côte-Nord","/chamber-1/observation-257","/chamber-1","/chamber-1/constituency-257",257,1,257,"House of Commons","Quebec"
"258","Moose Jaw—Lake Centre—Lanigan","/chamber-1/observation-258","/chamber-1","/chamber-1/constituency-258",258,1,258,"House of Commons","Saskatchewan"
"259","Mount Royal","/chamber-1/observation-259","/chamber-1","/chamber-1/constituency-259",259,1,259,"House of Commons","Quebec"
"260","Nanaimo—Alberni","/chamber-1/observation-260","/chamber-1","/chamber-1/constituency-260",260,1,260,"House of Commons","British Columbia"
"261","Nanaimo—Cowichan","/chamber-1/observation-261","/chamber-1","/chamber-1/constituency-261",261,1,261,"House of Commons","British Columbia"
"262","Nanaimo—Ladysmith","/chamber-1/observation-262","/chamber-1","/chamber-1/constituency-262",262,1,262,"House of Commons","British Columbia"
"263","Nepean","/chamber-1/observation-263","/chamber-1","/chamber-1/constituency-263",263,1,263,"House of Commons","Ontario"
"264","Nepean—Carleton","/chamber-1/observation-264","/chamber-1","/chamber-1/constituency-264",264,1,264,"House of Commons","Ontario"
"265","New Brunswick Southwest","/chamber-1/observation-265","/chamber-1","/chamber-1/constituency-265",265,1,265,"House of Commons","New Brunswick"
"266","New Westminster—Burnaby","/chamber-1/observation-266","/chamber-1","/chamber-1/constituency-266",266,1,266,"House of Commons","British Columbia"
"267","New Westminster—Coquitlam","/chamber-1/observation-267","/chamber-1","/chamber-1/constituency-267",267,1,267,"House of Commons","British Columbia"
"268","Newmarket—Aurora","/chamber-1/observation-268","/chamber-1","/chamber-1/constituency-268",268,1,268,"House of Commons","Ontario"
"269","Newton—North Delta","/chamber-1/observation-269","/chamber-1","/chamber-1/constituency-269",269,1,269,"House of Commons","British Columbia"
"270","Niagara Centre","/chamber-1/observation-270","/chamber-1","/chamber-1/constituency-270",270,1,270,"House of Commons","Ontario"
"271","Niagara Falls","/chamber-1/observation-271","/chamber-1","/chamber-1/constituency-271",271,1,271,"House of Commons","Ontario"
"272","Niagara West","/chamber-1/observation-272","/chamber-1","/chamber-1/constituency-272",272,1,272,"House of Commons","Ontario"
"273","Niagara West—Glanbrook","/chamber-1/observation-273","/chamber-1","/chamber-1/constituency-273",273,1,273,"House of Commons","Ontario"
"274","Nickel Belt","/chamber-1/observation-274","/chamber-1","/chamber-1/constituency-274",274,1,274,"House of Commons","Ontario"
"275","Nipissing—Timiskaming","/chamber-1/observation-275","/chamber-1","/chamber-1/constituency-275",275,1,275,"House of Commons","Ontario"
"276","North Island—Powell River","/chamber-1/observation-276","/chamber-1","/chamber-1/constituency-276",276,1,276,"House of Commons","British Columbia"
"277","North Okanagan—Shuswap","/chamber-1/observation-277","/chamber-1","/chamber-1/constituency-277",277,1,277,"House of Commons","British Columbia"
"278","North Vancouver","/chamber-1/observation-278","/chamber-1","/chamber-1/constituency-278",278,1,278,"House of Commons","British Columbia"
"279","Northumberland—Peterborough South","/chamber-1/observation-279","/chamber-1","/chamber-1/constituency-279",279,1,279,"House of Commons","Ontario"
"280","Northumberland—Quinte West","/chamber-1/observation-280","/chamber-1","/chamber-1/constituency-280",280,1,280,"House of Commons","Ontario"
"281","Northwest Territories","/chamber-1/observation-281","/chamber-1","/chamber-1/constituency-281",281,1,281,"House of Commons","Northwest Territories"
"282","Notre-Dame-de-Grâce—Lachine","/chamber-1/observation-282","/chamber-1","/chamber-1/constituency-282",282,1,282,"House of Commons","Quebec"
"283","Notre-Dame-de-Grâce—Westmount","/chamber-1/observation-283","/chamber-1","/chamber-1/constituency-283",283,1,283,"House of Commons","Quebec"
"284","Nunavut","/chamber-1/observation-284","/chamber-1","/chamber-1/constituency-284",284,1,284,"House of Commons","Nunavut"
"285","Oak Ridges—Markham","/chamber-1/observation-285","/chamber-1","/chamber-1/constituency-285",285,1,285,"House of Commons","Ontario"
"286","Oakville","/chamber-1/observation-286","/chamber-1","/chamber-1/constituency-286",286,1,286,"House of Commons","Ontario"
"287","Oakville North—Burlington","/chamber-1/observation-287","/chamber-1","/chamber-1/constituency-287",287,1,287,"House of Commons","Ontario"
"288","Okanagan—Coquihalla","/chamber-1/observation-288","/chamber-1","/chamber-1/constituency-288",288,1,288,"House of Commons","British Columbia"
"289","Okanagan—Shuswap","/chamber-1/observation-289","/chamber-1","/chamber-1/constituency-289",289,1,289,"House of Commons","British Columbia"
"290","Orléans","/chamber-1/observation-290","/chamber-1","/chamber-1/constituency-290",290,1,290,"House of Commons","Ontario"
"291","Oshawa","/chamber-1/observation-291","/chamber-1","/chamber-1/constituency-291",291,1,291,"House of Commons","Ontario"
"292","Ottawa Centre","/chamber-1/observation-292","/chamber-1","/chamber-1/constituency-292",292,1,292,"House of Commons","Ontario"
"293","Ottawa South","/chamber-1/observation-293","/chamber-1","/chamber-1/constituency-293",293,1,293,"House of Commons","Ontario"
"294","Ottawa West—Nepean","/chamber-1/observation-294","/chamber-1","/chamber-1/constituency-294",294,1,294,"House of Commons","Ontario"
"295","Ottawa—Orléans","/chamber-1/observation-295","/chamber-1","/chamber-1/constituency-295",295,1,295,"House of Commons","Ontario"
"296","Ottawa—Vanier","/chamber-1/observation-296","/chamber-1","/chamber-1/constituency-296",296,1,296,"House of Commons","Ontario"
"297","Outremont","/chamber-1/observation-297","/chamber-1","/chamber-1/constituency-297",297,1,297,"House of Commons","Quebec"
"298","Oxford","/chamber-1/observation-298","/chamber-1","/chamber-1/constituency-298",298,1,298,"House of Commons","Ontario"
"299","Palliser","/chamber-1/observation-299","/chamber-1","/chamber-1/constituency-299",299,1,299,"House of Commons","Saskatchewan"
"300","Papineau","/chamber-1/observation-300","/chamber-1","/chamber-1/constituency-300",300,1,300,"House of Commons","Quebec"
"301","Parkdale—High Park","/chamber-1/observation-301","/chamber-1","/chamber-1/constituency-301",301,1,301,"House of Commons","Ontario"
"302","Parry Sound—Muskoka","/chamber-1/observation-302","/chamber-1","/chamber-1/constituency-302",302,1,302,"House of Commons","Ontario"
"303","Peace River","/chamber-1/observation-303","/chamber-1","/chamber-1/constituency-303",303,1,303,"House of Commons","Alberta"
"304","Peace River—Westlock","/chamber-1/observation-304","/chamber-1","/chamber-1/constituency-304",304,1,304,"House of Commons","Alberta"
"305","Perth—Wellington","/chamber-1/observation-305","/chamber-1","/chamber-1/constituency-305",305,1,305,"House of Commons","Ontario"
"306","Peterborough","/chamber-1/observation-306","/chamber-1","/chamber-1/constituency-306",306,1,306,"House of Commons","Ontario"
"307","Peterborough—Kawartha","/chamber-1/observation-307","/chamber-1","/chamber-1/constituency-307",307,1,307,"House of Commons","Ontario"
"308","Pickering—Scarborough East","/chamber-1/observation-308","/chamber-1","/chamber-1/constituency-308",308,1,308,"House of Commons","Ontario"
"309","Pickering—Uxbridge","/chamber-1/observation-309","/chamber-1","/chamber-1/constituency-309",309,1,309,"House of Commons","Ontario"
"310","Pierre-Boucher—Les Patriotes—Verchères","/chamber-1/observation-310","/chamber-1","/chamber-1/constituency-310",310,1,310,"House of Commons","Quebec"
"311","Pierrefonds—Dollard","/chamber-1/observation-311","/chamber-1","/chamber-1/constituency-311",311,1,311,"House of Commons","Quebec"
"312","Pitt Meadows—Maple Ridge","/chamber-1/observation-312","/chamber-1","/chamber-1/constituency-312",312,1,312,"House of Commons","British Columbia"
"313","Pitt Meadows—Maple Ridge—Mission","/chamber-1/observation-313","/chamber-1","/chamber-1/constituency-313",313,1,313,"House of Commons","British Columbia"
"314","Pontiac","/chamber-1/observation-314","/chamber-1","/chamber-1/constituency-314",314,1,314,"House of Commons","Quebec"
"315","Port Moody—Coquitlam","/chamber-1/observation-315","/chamber-1","/chamber-1/constituency-315",315,1,315,"House of Commons","British Columbia"
"316","Port Moody—Westwood—Port Coquitlam","/chamber-1/observation-316","/chamber-1","/chamber-1/constituency-316",316,1,316,"House of Commons","British Columbia"
"317","Portage—Lisgar","/chamber-1/observation-317","/chamber-1","/chamber-1/constituency-317",317,1,317,"House of Commons","Manitoba"
"318","Portneuf—Jacques-Cartier","/chamber-1/observation-318","/chamber-1","/chamber-1/constituency-318",318,1,318,"House of Commons","Quebec"
"319","Prince Albert","/chamber-1/observation-319","/chamber-1","/chamber-1/constituency-319",319,1,319,"House of Commons","Saskatchewan"
"320","Prince Edward—Hastings","/chamber-1/observation-320","/chamber-1","/chamber-1/constituency-320",320,1,320,"House of Commons","Ontario"
"321","Prince George—Peace River","/chamber-1/observation-321","/chamber-1","/chamber-1/constituency-321",321,1,321,"House of Commons","British Columbia"
"322","Prince George—Peace River—Northern Rockies","/chamber-1/observation-322","/chamber-1","/chamber-1/constituency-322",322,1,322,"House of Commons","British Columbia"
"323","Provencher","/chamber-1/observation-323","/chamber-1","/chamber-1/constituency-323",323,1,323,"House of Commons","Manitoba"
"324","Québec","/chamber-1/observation-324","/chamber-1","/chamber-1/constituency-324",324,1,324,"House of Commons","Quebec"
"325","Random—Burin—St. George's","/chamber-1/observation-325","/chamber-1","/chamber-1/constituency-325",325,1,325,"House of Commons","Newfoundland and Labrador"
"326","Red Deer","/chamber-1/observation-326","/chamber-1","/chamber-1/constituency-326",326,1,326,"House of Commons","Alberta"
"327","Red Deer—Lacombe","/chamber-1/observation-327","/chamber-1","/chamber-1/constituency-327",327,1,327,"House of Commons","Alberta"
"328","Red Deer—Mountain View","/chamber-1/observation-328","/chamber-1","/chamber-1/constituency-328",328,1,328,"House of Commons","Alberta"
"329","Regina—Lewvan","/chamber-1/observation-329","/chamber-1","/chamber-1/constituency-329",329,1,329,"House of Commons","Saskatchewan"
"330","Regina—Lumsden—Lake Centre","/chamber-1/observation-330","/chamber-1","/chamber-1/constituency-330",330,1,330,"House of Commons","Saskatchewan"
"331","Regina—Qu'Appelle","/chamber-1/observation-331","/chamber-1","/chamber-1/constituency-331",331,1,331,"House of Commons","Saskatchewan"
"332","Regina—Wascana","/chamber-1/observation-332","/chamber-1","/chamber-1/constituency-332",332,1,332,"House of Commons","Saskatchewan"
"333","Renfrew—Nipissing—Pembroke","/chamber-1/observation-333","/chamber-1","/chamber-1/constituency-333",333,1,333,"House of Commons","Ontario"
"334","Repentigny","/chamber-1/observation-334","/chamber-1","/chamber-1/constituency-334",334,1,334,"House of Commons","Quebec"
"335","Richmond","/chamber-1/observation-335","/chamber-1","/chamber-1/constituency-335",335,1,335,"House of Commons","British Columbia"
"336","Richmond Centre","/chamber-1/observation-336","/chamber-1","/chamber-1/constituency-336",336,1,336,"House of Commons","British Columbia"
"337","Richmond Hill","/chamber-1/observation-337","/chamber-1","/chamber-1/constituency-337",337,1,337,"House of Commons","Ontario"
"338","Richmond—Arthabaska","/chamber-1/observation-338","/chamber-1","/chamber-1/constituency-338",338,1,338,"House of Commons","Quebec"
"339","Rimouski-Neigette—Témiscouata—Les Basques","/chamber-1/observation-339","/chamber-1","/chamber-1/constituency-339",339,1,339,"House of Commons","Quebec"
"340","Rivière-des-Mille-Îles","/chamber-1/observation-340","/chamber-1","/chamber-1/constituency-340",340,1,340,"House of Commons","Quebec"
"341","Rivière-du-Nord","/chamber-1/observation-341","/chamber-1","/chamber-1/constituency-341",341,1,341,"House of Commons","Quebec"
"342","Roberval—Lac-Saint-Jean","/chamber-1/observation-342","/chamber-1","/chamber-1/constituency-342",342,1,342,"House of Commons","Quebec"
"343","Rosemont—La Petite-Patrie","/chamber-1/observation-343","/chamber-1","/chamber-1/constituency-343",343,1,343,"House of Commons","Quebec"
"344","Saanich—Gulf Islands","/chamber-1/observation-344","/chamber-1","/chamber-1/constituency-344",344,1,344,"House of Commons","British Columbia"
"345","Sackville—Eastern Shore","/chamber-1/observation-345","/chamber-1","/chamber-1/constituency-345",345,1,345,"House of Commons","Nova Scotia"
"346","Sackville—Preston—Chezzetcook","/chamber-1/observation-346","/chamber-1","/chamber-1/constituency-346",346,1,346,"House of Commons","Nova Scotia"
"347","Saint Boniface","/chamber-1/observation-347","/chamber-1","/chamber-1/constituency-347",347,1,347,"House of Commons","Manitoba"
"348","Saint Boniface—Saint Vital","/chamber-1/observation-348","/chamber-1","/chamber-1/constituency-348",348,1,348,"House of Commons","Manitoba"
"349","Saint John","/chamber-1/observation-349","/chamber-1","/chamber-1/constituency-349",349,1,349,"House of Commons","New Brunswick"
"350","Saint John—Rothesay","/chamber-1/observation-350","/chamber-1","/chamber-1/constituency-350",350,1,350,"House of Commons","New Brunswick"
"351","Saint-Bruno—Saint-Hubert","/chamber-1/observation-351","/chamber-1","/chamber-1/constituency-351",351,1,351,"House of Commons","Quebec"
"352","Saint-Hyacinthe—Bagot","/chamber-1/observation-352","/chamber-1","/chamber-1/constituency-352",352,1,352,"House of Commons","Quebec"
"353","Saint-Jean","/chamber-1/observation-353","/chamber-1","/chamber-1/constituency-353",353,1,353,"House of Commons","Quebec"
"354","Saint-Lambert","/chamber-1/observation-354","/chamber-1","/chamber-1/constituency-354",354,1,354,"House of Commons","Quebec"
"355","Saint-Laurent","/chamber-1/observation-355","/chamber-1","/chamber-1/constituency-355",355,1,355,"House of Commons","Quebec"
"356","Saint-Laurent—Cartierville","/chamber-1/observation-356","/chamber-1","/chamber-1/constituency-356",356,1,356,"House of Commons","Quebec"
"357","Saint-Léonard—Saint-Michel","/chamber-1/observation-357","/chamber-1","/chamber-1/constituency-357",357,1,357,"House of Commons","Quebec"
"358","Saint-Maurice—Champlain","/chamber-1/observation-358","/chamber-1","/chamber-1/constituency-358",358,1,358,"House of Commons","Quebec"
"359","Salaberry—Suroît","/chamber-1/observation-359","/chamber-1","/chamber-1/constituency-359",359,1,359,"House of Commons","Quebec"
"360","Sarnia—Lambton","/chamber-1/observation-360","/chamber-1","/chamber-1/constituency-360",360,1,360,"House of Commons","Ontario"
"361","Saskatoon West","/chamber-1/observation-361","/chamber-1","/chamber-1/constituency-361",361,1,361,"House of Commons","Saskatchewan"
"362","Saskatoon—Grasswood","/chamber-1/observation-362","/chamber-1","/chamber-1/constituency-362",362,1,362,"House of Commons","Saskatchewan"
"363","Saskatoon—Humboldt","/chamber-1/observation-363","/chamber-1","/chamber-1/constituency-363",363,1,363,"House of Commons","Saskatchewan"
"364","Saskatoon—Rosetown—Biggar","/chamber-1/observation-364","/chamber-1","/chamber-1/constituency-364",364,1,364,"House of Commons","Saskatchewan"
"365","Saskatoon—University","/chamber-1/observation-365","/chamber-1","/chamber-1/constituency-365",365,1,365,"House of Commons","Saskatchewan"
"366","Saskatoon—Wanuskewin","/chamber-1/observation-366","/chamber-1","/chamber-1/constituency-366",366,1,366,"House of Commons","Saskatchewan"
"367","Sault Ste. Marie","/chamber-1/observation-367","/chamber-1","/chamber-1/constituency-367",367,1,367,"House of Commons","Ontario"
"368","Scarborough Centre","/chamber-1/observation-368","/chamber-1","/chamber-1/constituency-368",368,1,368,"House of Commons","Ontario"
"369","Scarborough North","/chamber-1/observation-369","/chamber-1","/chamber-1/constituency-369",369,1,369,"House of Commons","Ontario"
"370","Scarborough Southwest","/chamber-1/observation-370","/chamber-1","/chamber-1/constituency-370",370,1,370,"House of Commons","Ontario"
"371","Scarborough—Agincourt","/chamber-1/observation-371","/chamber-1","/chamber-1/constituency-371",371,1,371,"House of Commons","Ontario"
"372","Scarborough—Guildwood","/chamber-1/observation-372","/chamber-1","/chamber-1/constituency-372",372,1,372,"House of Commons","Ontario"
"373","Scarborough—Rouge Park","/chamber-1/observation-373","/chamber-1","/chamber-1/constituency-373",373,1,373,"House of Commons","Ontario"
"374","Scarborough—Rouge River","/chamber-1/observation-374","/chamber-1","/chamber-1/constituency-374",374,1,374,"House of Commons","Ontario"
"375","Selkirk—Interlake","/chamber-1/observation-375","/chamber-1","/chamber-1/constituency-375",375,1,375,"House of Commons","Manitoba"
"376","Selkirk—Interlake—Eastman","/chamber-1/observation-376","/chamber-1","/chamber-1/constituency-376",376,1,376,"House of Commons","Manitoba"
"377","Shefford","/chamber-1/observation-377","/chamber-1","/chamber-1/constituency-377",377,1,377,"House of Commons","Quebec"
"378","Sherbrooke","/chamber-1/observation-378","/chamber-1","/chamber-1/constituency-378",378,1,378,"House of Commons","Quebec"
"379","Sherwood Park—Fort Saskatchewan","/chamber-1/observation-379","/chamber-1","/chamber-1/constituency-379",379,1,379,"House of Commons","Alberta"
"380","Simcoe North","/chamber-1/observation-380","/chamber-1","/chamber-1/constituency-380",380,1,380,"House of Commons","Ontario"
"381","Simcoe—Grey","/chamber-1/observation-381","/chamber-1","/chamber-1/constituency-381",381,1,381,"House of Commons","Ontario"
"382","Skeena—Bulkley Valley","/chamber-1/observation-382","/chamber-1","/chamber-1/constituency-382",382,1,382,"House of Commons","British Columbia"
"383","Souris—Moose Mountain","/chamber-1/observation-383","/chamber-1","/chamber-1/constituency-383",383,1,383,"House of Commons","Saskatchewan"
"384","South Okanagan—West Kootenay","/chamber-1/observation-384","/chamber-1","/chamber-1/constituency-384",384,1,384,"House of Commons","British Columbia"
"385","South Shore—St. Margaret's","/chamber-1/observation-385","/chamber-1","/chamber-1/constituency-385",385,1,385,"House of Commons","Nova Scotia"
"386","South Shore—St. Margarets","/chamber-1/observation-386","/chamber-1","/chamber-1/constituency-386",386,1,386,"House of Commons","Nova Scotia"
"387","South Surrey—White Rock","/chamber-1/observation-387","/chamber-1","/chamber-1/constituency-387",387,1,387,"House of Commons","British Columbia"
"388","South Surrey—White Rock—Cloverdale","/chamber-1/observation-388","/chamber-1","/chamber-1/constituency-388",388,1,388,"House of Commons","British Columbia"
"389","Spadina—Fort York","/chamber-1/observation-389","/chamber-1","/chamber-1/constituency-389",389,1,389,"House of Commons","Ontario"
"390","St. Albert—Edmonton","/chamber-1/observation-390","/chamber-1","/chamber-1/constituency-390",390,1,390,"House of Commons","Alberta"
"391","St. Catharines","/chamber-1/observation-391","/chamber-1","/chamber-1/constituency-391",391,1,391,"House of Commons","Ontario"
"392","St. John's East","/chamber-1/observation-392","/chamber-1","/chamber-1/constituency-392",392,1,392,"House of Commons","Newfoundland and Labrador"
"393","St. John's South—Mount Pearl","/chamber-1/observation-393","/chamber-1","/chamber-1/constituency-393",393,1,393,"House of Commons","Newfoundland and Labrador"
"394","St. Paul's","/chamber-1/observation-394","/chamber-1","/chamber-1/constituency-394",394,1,394,"House of Commons","Ontario"
"395","Steveston—Richmond East","/chamber-1/observation-395","/chamber-1","/chamber-1/constituency-395",395,1,395,"House of Commons","British Columbia"
"396","Stormont—Dundas—South Glengarry","/chamber-1/observation-396","/chamber-1","/chamber-1/constituency-396",396,1,396,"House of Commons","Ontario"
"397","Sturgeon River—Parkland","/chamber-1/observation-397","/chamber-1","/chamber-1/constituency-397",397,1,397,"House of Commons","Alberta"
"398","Sudbury","/chamber-1/observation-398","/chamber-1","/chamber-1/constituency-398",398,1,398,"House of Commons","Ontario"
"399","Surrey Centre","/chamber-1/observation-399","/chamber-1","/chamber-1/constituency-399",399,1,399,"House of Commons","British Columbia"
"400","Surrey North","/chamber-1/observation-400","/chamber-1","/chamber-1/constituency-400",400,1,400,"House of Commons","British Columbia"
"401","Surrey—Newton","/chamber-1/observation-401","/chamber-1","/chamber-1/constituency-401",401,1,401,"House of Commons","British Columbia"
"402","Sydney—Victoria","/chamber-1/observation-402","/chamber-1","/chamber-1/constituency-402",402,1,402,"House of Commons","Nova Scotia"
"403","Terrebonne","/chamber-1/observation-403","/chamber-1","/chamber-1/constituency-403",403,1,403,"House of Commons","Quebec"
"404","Terrebonne—Blainville","/chamber-1/observation-404","/chamber-1","/chamber-1/constituency-404",404,1,404,"House of Commons","Quebec"
"405","Thérèse-De Blainville","/chamber-1/observation-405","/chamber-1","/chamber-1/constituency-405",405,1,405,"House of Commons","Quebec"
"406","Thornhill","/chamber-1/observation-406","/chamber-1","/chamber-1/constituency-406",406,1,406,"House of Commons","Ontario"
"407","Thunder Bay—Rainy River","/chamber-1/observation-407","/chamber-1","/chamber-1/constituency-407",407,1,407,"House of Commons","Ontario"
"408","Thunder Bay—Superior North","/chamber-1/observation-408","/chamber-1","/chamber-1/constituency-408",408,1,408,"House of Commons","Ontario"
"409","Timmins—James Bay","/chamber-1/observation-409","/chamber-1","/chamber-1/constituency-409",409,1,409,"House of Commons","Ontario"
"410","Tobique—Mactaquac","/chamber-1/observation-410","/chamber-1","/chamber-1/constituency-410",410,1,410,"House of Commons","New Brunswick"
"411","Toronto Centre","/chamber-1/observation-411","/chamber-1","/chamber-1/constituency-411",411,1,411,"House of Commons","Ontario"
"412","Toronto—Danforth","/chamber-1/observation-412","/chamber-1","/chamber-1/constituency-412",412,1,412,"House of Commons","Ontario"
"413","Toronto—St. Paul's","/chamber-1/observation-413","/chamber-1","/chamber-1/constituency-413",413,1,413,"House of Commons","Ontario"
"414","Trinity—Spadina","/chamber-1/observation-414","/chamber-1","/chamber-1/constituency-414",414,1,414,"House of Commons","Ontario"
"415","Trois-Rivières","/chamber-1/observation-415","/chamber-1","/chamber-1/constituency-415",415,1,415,"House of Commons","Quebec"
"416","University—Rosedale","/chamber-1/observation-416","/chamber-1","/chamber-1/constituency-416",416,1,416,"House of Commons","Ontario"
"417","Vancouver Centre","/chamber-1/observation-417","/chamber-1","/chamber-1/constituency-417",417,1,417,"House of Commons","British Columbia"
"418","Vancouver East","/chamber-1/observation-418","/chamber-1","/chamber-1/constituency-418",418,1,418,"House of Commons","British Columbia"
"419","Vancouver Granville","/chamber-1/observation-419","/chamber-1","/chamber-1/constituency-419",419,1,419,"House of Commons","British Columbia"
"420","Vancouver Island North","/chamber-1/observation-420","/chamber-1","/chamber-1/constituency-420",420,1,420,"House of Commons","British Columbia"
"421","Vancouver Kingsway","/chamber-1/observation-421","/chamber-1","/chamber-1/constituency-421",421,1,421,"House of Commons","British Columbia"
"422","Vancouver Quadra","/chamber-1/observation-422","/chamber-1","/chamber-1/constituency-422",422,1,422,"House of Commons","British Columbia"
"423","Vancouver South","/chamber-1/observation-423","/chamber-1","/chamber-1/constituency-423",423,1,423,"House of Commons","British Columbia"
"424","Vaudreuil-Soulanges","/chamber-1/observation-424","/chamber-1","/chamber-1/constituency-424",424,1,424,"House of Commons","Quebec"
"425","Vaudreuil—Soulanges","/chamber-1/observation-425","/chamber-1","/chamber-1/constituency-425",425,1,425,"House of Commons","Quebec"
"426","Vaughan","/chamber-1/observation-426","/chamber-1","/chamber-1/constituency-426",426,1,426,"House of Commons","Ontario"
"427","Vaughan—Woodbridge","/chamber-1/observation-427","/chamber-1","/chamber-1/constituency-427",427,1,427,"House of Commons","Ontario"
"428","Vegreville—Wainwright","/chamber-1/observation-428","/chamber-1","/chamber-1/constituency-428",428,1,428,"House of Commons","Alberta"
"429","Verchères—Les Patriotes","/chamber-1/observation-429","/chamber-1","/chamber-1/constituency-429",429,1,429,"House of Commons","Quebec"
"430","Victoria","/chamber-1/observation-430","/chamber-1","/chamber-1/constituency-430",430,1,430,"House of Commons","British Columbia"
"431","Ville-Marie—Le Sud-Ouest—Île-des-Soeurs","/chamber-1/observation-431","/chamber-1","/chamber-1/constituency-431",431,1,431,"House of Commons","Quebec"
"432","Vimy","/chamber-1/observation-432","/chamber-1","/chamber-1/constituency-432",432,1,432,"House of Commons","Quebec"
"433","Wascana","/chamber-1/observation-433","/chamber-1","/chamber-1/constituency-433",433,1,433,"House of Commons","Saskatchewan"
"434","Waterloo","/chamber-1/observation-434","/chamber-1","/chamber-1/constituency-434",434,1,434,"House of Commons","Ontario"
"435","Welland","/chamber-1/observation-435","/chamber-1","/chamber-1/constituency-435",435,1,435,"House of Commons","Ontario"
"436","Wellington—Halton Hills","/chamber-1/observation-436","/chamber-1","/chamber-1/constituency-436",436,1,436,"House of Commons","Ontario"
"437","West Nova","/chamber-1/observation-437","/chamber-1","/chamber-1/constituency-437",437,1,437,"House of Commons","Nova Scotia"
"438","West Vancouver—Sunshine Coast—Sea to Sky Country","/chamber-1/observation-438","/chamber-1","/chamber-1/constituency-438",438,1,438,"House of Commons","British Columbia"
"439","Westlock—St. Paul","/chamber-1/observation-439","/chamber-1","/chamber-1/constituency-439",439,1,439,"House of Commons","Alberta"
"440","Westmount—Ville-Marie","/chamber-1/observation-440","/chamber-1","/chamber-1/constituency-440",440,1,440,"House of Commons","Quebec"
"441","Wetaskiwin","/chamber-1/observation-441","/chamber-1","/chamber-1/constituency-441",441,1,441,"House of Commons","Alberta"
"442","Whitby","/chamber-1/observation-442","/chamber-1","/chamber-1/constituency-442",442,1,442,"House of Commons","Ontario"
"443","Whitby—Oshawa","/chamber-1/observation-443","/chamber-1","/chamber-1/constituency-443",443,1,443,"House of Commons","Ontario"
"444","Wild Rose","/chamber-1/observation-444","/chamber-1","/chamber-1/constituency-444",444,1,444,"House of Commons","Alberta"
"445","Willowdale","/chamber-1/observation-445","/chamber-1","/chamber-1/constituency-445",445,1,445,"House of Commons","Ontario"
"446","Windsor West","/chamber-1/observation-446","/chamber-1","/chamber-1/constituency-446",446,1,446,"House of Commons","Ontario"
"447","Windsor—Tecumseh","/chamber-1/observation-447","/chamber-1","/chamber-1/constituency-447",447,1,447,"House of Commons","Ontario"
"448","Winnipeg Centre","/chamber-1/observation-448","/chamber-1","/chamber-1/constituency-448",448,1,448,"House of Commons","Manitoba"
"449","Winnipeg North","/chamber-1/observation-449","/chamber-1","/chamber-1/constituency-449",449,1,449,"House of Commons","Manitoba"
"450","Winnipeg South","/chamber-1/observation-450","/chamber-1","/chamber-1/constituency-450",450,1,450,"House of Commons","Manitoba"
"451","Winnipeg South Centre","/chamber-1/observation-451","/chamber-1","/chamber-1/constituency-451",451,1,451,"House of Commons","Manitoba"
"452","Yellowhead","/chamber-1/observation-452","/chamber-1","/chamber-1/constituency-452",452,1,452,"House of Commons","Alberta"
"453","York Centre","/chamber-1/observation-453","/chamber-1","/chamber-1/constituency-453",453,1,453,"House of Commons","Ontario"
"454","York South—Weston","/chamber-1/observation-454","/chamber-1","/chamber-1/constituency-454",454,1,454,"House of Commons","Ontario"
"455","York West","/chamber-1/observation-455","/chamber-1","/chamber-1/constituency-455",455,1,455,"House of Commons","Ontario"
"456","York—Simcoe","/chamber-1/observation-456","/chamber-1","/chamber-1/constituency-456",456,1,456,"House of Commons","Ontario"
"457","Yorkton—Melville","/chamber-1/observation-457","/chamber-1","/chamber-1/constituency-457",457,1,457,"House of Commons","Saskatchewan"
"458","Yukon","/chamber-1/observation-458","/chamber-1","/chamber-1/constituency-458",458,1,458,"House of Commons","Yukon"
